ISO-10303-21;
HEADER;
/* Generated by software containing ST-Developer
 * from STEP Tools, Inc. (www.steptools.com) 
 */

FILE_DESCRIPTION(
/* description */ (''),
/* implementation_level */ '2;1');

FILE_NAME(
/* name */ 'Fan Blade.step',
/* time_stamp */ '2026-08-30T10:04:07+12:00',
/* author */ (''),
/* organization */ (''),
/* preprocessor_version */ 'ST-DEVELOPER v20.1',
/* originating_system */ 'Autodesk Translation Framework v15.8.0.0',
/* authorisation */ '');

FILE_SCHEMA (('AUTOMOTIVE_DESIGN { 1 0 10303 214 3 1 1 }'));
ENDSEC;

DATA;
#10=MECHANICAL_DESIGN_GEOMETRIC_PRESENTATION_REPRESENTATION('',(#42,#43),
#1510);
#11=SHAPE_REPRESENTATION_RELATIONSHIP('SRR','None',#1517,#12);
#12=ADVANCED_BREP_SHAPE_REPRESENTATION('',(#13),#1509);
#13=MANIFOLD_SOLID_BREP('Body6',#41);
#14=LINE('',#725,#17);
#15=LINE('',#729,#18);
#16=LINE('',#734,#19);
#17=VECTOR('',#561,1.05);
#18=VECTOR('',#566,2.5);
#19=VECTOR('',#573,7.5);
#20=CYLINDRICAL_SURFACE('',#502,1.05);
#21=CYLINDRICAL_SURFACE('',#504,2.5);
#22=CYLINDRICAL_SURFACE('',#507,7.5);
#23=CYLINDRICAL_SURFACE('',#509,10.);
#24=CYLINDRICAL_SURFACE('',#512,10.);
#25=CYLINDRICAL_SURFACE('',#515,10.);
#26=CYLINDRICAL_SURFACE('',#518,10.);
#27=CYLINDRICAL_SURFACE('',#521,10.);
#28=CYLINDRICAL_SURFACE('',#524,40.);
#29=CYLINDRICAL_SURFACE('',#527,40.);
#30=CYLINDRICAL_SURFACE('',#530,40.);
#31=CYLINDRICAL_SURFACE('',#533,40.);
#32=CYLINDRICAL_SURFACE('',#538,40.);
#33=FACE_BOUND('',#76,.T.);
#34=FACE_BOUND('',#80,.T.);
#35=FACE_BOUND('',#102,.T.);
#36=PLANE('',#497);
#37=PLANE('',#499);
#38=PLANE('',#506);
#39=PLANE('',#536);
#40=PLANE('',#540);
#41=CLOSED_SHELL('',(#452,#453,#454,#455,#456,#457,#458,#459,#460,#461,
#462,#463,#464,#465,#466,#467,#468,#469,#470,#471,#472,#473,#474,#475,#476,
#477,#478,#479));
#42=STYLED_ITEM('',(#1526),#481);
#43=STYLED_ITEM('',(#1526),#13);
#44=FACE_OUTER_BOUND('',#73,.T.);
#45=FACE_OUTER_BOUND('',#74,.T.);
#46=FACE_OUTER_BOUND('',#75,.T.);
#47=FACE_OUTER_BOUND('',#77,.T.);
#48=FACE_OUTER_BOUND('',#78,.T.);
#49=FACE_OUTER_BOUND('',#79,.T.);
#50=FACE_OUTER_BOUND('',#81,.T.);
#51=FACE_OUTER_BOUND('',#82,.T.);
#52=FACE_OUTER_BOUND('',#83,.T.);
#53=FACE_OUTER_BOUND('',#84,.T.);
#54=FACE_OUTER_BOUND('',#85,.T.);
#55=FACE_OUTER_BOUND('',#86,.T.);
#56=FACE_OUTER_BOUND('',#87,.T.);
#57=FACE_OUTER_BOUND('',#88,.T.);
#58=FACE_OUTER_BOUND('',#89,.T.);
#59=FACE_OUTER_BOUND('',#90,.T.);
#60=FACE_OUTER_BOUND('',#91,.T.);
#61=FACE_OUTER_BOUND('',#92,.T.);
#62=FACE_OUTER_BOUND('',#93,.T.);
#63=FACE_OUTER_BOUND('',#94,.T.);
#64=FACE_OUTER_BOUND('',#95,.T.);
#65=FACE_OUTER_BOUND('',#96,.T.);
#66=FACE_OUTER_BOUND('',#97,.T.);
#67=FACE_OUTER_BOUND('',#98,.T.);
#68=FACE_OUTER_BOUND('',#99,.T.);
#69=FACE_OUTER_BOUND('',#100,.T.);
#70=FACE_OUTER_BOUND('',#101,.T.);
#71=FACE_OUTER_BOUND('',#103,.T.);
#72=FACE_OUTER_BOUND('',#104,.T.);
#73=EDGE_LOOP('',(#298,#299,#300,#301));
#74=EDGE_LOOP('',(#302));
#75=EDGE_LOOP('',(#303));
#76=EDGE_LOOP('',(#304));
#77=EDGE_LOOP('',(#305,#306,#307,#308));
#78=EDGE_LOOP('',(#309,#310,#311,#312));
#79=EDGE_LOOP('',(#313));
#80=EDGE_LOOP('',(#314));
#81=EDGE_LOOP('',(#315,#316,#317,#318));
#82=EDGE_LOOP('',(#319,#320,#321,#322));
#83=EDGE_LOOP('',(#323,#324,#325,#326));
#84=EDGE_LOOP('',(#327,#328,#329,#330));
#85=EDGE_LOOP('',(#331,#332,#333,#334));
#86=EDGE_LOOP('',(#335,#336,#337,#338));
#87=EDGE_LOOP('',(#339,#340,#341,#342));
#88=EDGE_LOOP('',(#343,#344,#345,#346));
#89=EDGE_LOOP('',(#347,#348,#349,#350));
#90=EDGE_LOOP('',(#351,#352,#353,#354));
#91=EDGE_LOOP('',(#355,#356,#357,#358));
#92=EDGE_LOOP('',(#359,#360,#361,#362));
#93=EDGE_LOOP('',(#363,#364,#365,#366));
#94=EDGE_LOOP('',(#367,#368,#369,#370));
#95=EDGE_LOOP('',(#371,#372,#373,#374));
#96=EDGE_LOOP('',(#375,#376,#377,#378));
#97=EDGE_LOOP('',(#379,#380,#381,#382));
#98=EDGE_LOOP('',(#383,#384,#385,#386));
#99=EDGE_LOOP('',(#387,#388,#389,#390,#391,#392,#393,#394,#395,#396,#397,
#398,#399,#400,#401,#402,#403,#404,#405,#406));
#100=EDGE_LOOP('',(#407,#408,#409,#410));
#101=EDGE_LOOP('',(#411,#412,#413,#414,#415,#416,#417,#418,#419,#420,#421,
#422,#423,#424,#425,#426,#427,#428,#429,#430));
#102=EDGE_LOOP('',(#431));
#103=EDGE_LOOP('',(#432,#433,#434,#435));
#104=EDGE_LOOP('',(#436,#437,#438,#439));
#105=CIRCLE('',#495,50.);
#106=CIRCLE('',#496,25.);
#107=CIRCLE('',#498,1.05);
#108=CIRCLE('',#500,7.5);
#109=CIRCLE('',#501,2.5);
#110=CIRCLE('',#503,1.05);
#111=CIRCLE('',#505,2.5);
#112=CIRCLE('',#508,7.5);
#113=CIRCLE('',#510,10.);
#114=CIRCLE('',#511,10.);
#115=CIRCLE('',#513,10.);
#116=CIRCLE('',#514,10.);
#117=CIRCLE('',#516,10.);
#118=CIRCLE('',#517,10.);
#119=CIRCLE('',#519,10.);
#120=CIRCLE('',#520,10.);
#121=CIRCLE('',#522,10.);
#122=CIRCLE('',#523,10.);
#123=CIRCLE('',#525,40.);
#124=CIRCLE('',#526,40.);
#125=CIRCLE('',#528,40.);
#126=CIRCLE('',#529,40.);
#127=CIRCLE('',#531,40.);
#128=CIRCLE('',#532,40.);
#129=CIRCLE('',#534,40.);
#130=CIRCLE('',#535,40.);
#131=CIRCLE('',#537,40.);
#132=CIRCLE('',#539,40.);
#133=B_SPLINE_CURVE_WITH_KNOTS('',3,(#690,#691,#692,#693,#694,#695,#696),
 .UNSPECIFIED.,.F.,.F.,(4,1,1,1,4),(0.,0.285714285714286,0.571428571428571,
0.857142857142857,1.),.UNSPECIFIED.);
#134=B_SPLINE_CURVE_WITH_KNOTS('',3,(#700,#701,#702,#703,#704,#705,#706,
#707,#708,#709,#710,#711,#712),.UNSPECIFIED.,.F.,.F.,(4,3,3,3,4),(-1.,-0.714285714285714,
-0.428571428571429,-0.142857142857143,0.),.UNSPECIFIED.);
#135=B_SPLINE_CURVE_WITH_KNOTS('',3,(#738,#739,#740,#741,#742,#743),
 .UNSPECIFIED.,.F.,.F.,(4,2,4),(-1.30592523614909,-0.462551068984805,0.),
 .UNSPECIFIED.);
#136=B_SPLINE_CURVE_WITH_KNOTS('',3,(#747,#748,#749,#750,#751,#752,#753,
#754),.UNSPECIFIED.,.F.,.F.,(4,2,2,4),(-2.01603766849223,-1.45168417492937,
-0.957303904550661,0.),.UNSPECIFIED.);
#137=B_SPLINE_CURVE_WITH_KNOTS('',3,(#759,#760,#761,#762,#763,#764),
 .UNSPECIFIED.,.F.,.F.,(4,2,4),(-1.30592523614909,-0.462551068984805,0.),
 .UNSPECIFIED.);
#138=B_SPLINE_CURVE_WITH_KNOTS('',3,(#768,#769,#770,#771,#772,#773,#774,
#775),.UNSPECIFIED.,.F.,.F.,(4,2,2,4),(-2.01603766849223,-1.45168417492937,
-0.957303904550661,0.),.UNSPECIFIED.);
#139=B_SPLINE_CURVE_WITH_KNOTS('',3,(#780,#781,#782,#783,#784,#785,#786,
#787),.UNSPECIFIED.,.F.,.F.,(4,2,2,4),(-2.01603766849223,-1.45168417492937,
-0.957303904550661,0.),.UNSPECIFIED.);
#140=B_SPLINE_CURVE_WITH_KNOTS('',3,(#791,#792,#793,#794,#795,#796),
 .UNSPECIFIED.,.F.,.F.,(4,2,4),(-1.30592523614909,-0.462551068984805,0.),
 .UNSPECIFIED.);
#141=B_SPLINE_CURVE_WITH_KNOTS('',3,(#801,#802,#803,#804,#805,#806),
 .UNSPECIFIED.,.F.,.F.,(4,2,4),(-1.30592523614909,-0.462551068984805,0.),
 .UNSPECIFIED.);
#142=B_SPLINE_CURVE_WITH_KNOTS('',3,(#810,#811,#812,#813,#814,#815,#816,
#817),.UNSPECIFIED.,.F.,.F.,(4,2,2,4),(-2.01603766849223,-1.45168417492937,
-0.957303904550661,0.),.UNSPECIFIED.);
#143=B_SPLINE_CURVE_WITH_KNOTS('',3,(#822,#823,#824,#825,#826,#827,#828,
#829),.UNSPECIFIED.,.F.,.F.,(4,2,2,4),(-2.01603766849223,-1.45168417492937,
-0.957303904550661,0.),.UNSPECIFIED.);
#144=B_SPLINE_CURVE_WITH_KNOTS('',3,(#833,#834,#835,#836,#837,#838),
 .UNSPECIFIED.,.F.,.F.,(4,2,4),(-1.30592523614909,-0.462551068984805,0.),
 .UNSPECIFIED.);
#145=B_SPLINE_CURVE_WITH_KNOTS('',3,(#843,#844,#845,#846,#847,#848,#849,
#850),.UNSPECIFIED.,.F.,.F.,(4,2,2,4),(-3.04910225232892,-1.91478172577819,
-0.775324458869304,0.),.UNSPECIFIED.);
#146=B_SPLINE_CURVE_WITH_KNOTS('',3,(#854,#855,#856,#857,#858,#859,#860,
#861,#862,#863),.UNSPECIFIED.,.F.,.F.,(4,2,2,2,4),(-3.50758631634414,-2.79061891551864,
-2.08081742046282,-0.667315766643134,0.),.UNSPECIFIED.);
#147=B_SPLINE_CURVE_WITH_KNOTS('',3,(#901,#902,#903,#904,#905,#906,#907,
#908),.UNSPECIFIED.,.F.,.F.,(4,2,2,4),(-3.41961592757911,-2.34991021378602,
-1.21191909840885,-0.131032917171184),.UNSPECIFIED.);
#148=B_SPLINE_CURVE_WITH_KNOTS('',3,(#909,#910,#911,#912,#913,#914),
 .UNSPECIFIED.,.F.,.F.,(4,2,4),(-3.37541380519583,-1.76703557889744,-0.0639015955994197),
 .UNSPECIFIED.);
#149=B_SPLINE_CURVE_WITH_KNOTS('',3,(#957,#958,#959,#960,#961,#962),
 .UNSPECIFIED.,.F.,.F.,(4,2,4),(-3.28925045409617,-1.68128665472903,-0.0756594798763349),
 .UNSPECIFIED.);
#150=B_SPLINE_CURVE_WITH_KNOTS('',3,(#963,#964,#965,#966,#967,#968,#969,
#970,#971,#972),.UNSPECIFIED.,.F.,.F.,(4,2,2,2,4),(-3.41521704571855,-2.73151996645991,
-1.93213494262553,-0.967527112158958,-0.0877875376933826),.UNSPECIFIED.);
#151=B_SPLINE_CURVE_WITH_KNOTS('',3,(#976,#977,#978,#979,#980,#981,#982,
#983),.UNSPECIFIED.,.F.,.F.,(4,2,2,4),(-3.04910225232892,-1.91478172577819,
-0.775324458869304,0.),.UNSPECIFIED.);
#152=B_SPLINE_CURVE_WITH_KNOTS('',3,(#987,#988,#989,#990,#991,#992,#993,
#994,#995,#996),.UNSPECIFIED.,.F.,.F.,(4,2,2,2,4),(-3.50758631634414,-2.79061891551864,
-2.08081742046282,-0.667315766643134,0.),.UNSPECIFIED.);
#153=B_SPLINE_CURVE_WITH_KNOTS('',3,(#1034,#1035,#1036,#1037,#1038,#1039,
#1040,#1041),.UNSPECIFIED.,.F.,.F.,(4,2,2,4),(-3.41961592757911,-2.34991021378602,
-1.21191909840885,-0.131032917171184),.UNSPECIFIED.);
#154=B_SPLINE_CURVE_WITH_KNOTS('',3,(#1042,#1043,#1044,#1045,#1046,#1047),
 .UNSPECIFIED.,.F.,.F.,(4,2,4),(-3.37541380519583,-1.76703557889744,-0.0639015955994197),
 .UNSPECIFIED.);
#155=B_SPLINE_CURVE_WITH_KNOTS('',3,(#1090,#1091,#1092,#1093,#1094,#1095),
 .UNSPECIFIED.,.F.,.F.,(4,2,4),(-3.28925045409617,-1.68128665472903,-0.0756594798763349),
 .UNSPECIFIED.);
#156=B_SPLINE_CURVE_WITH_KNOTS('',3,(#1096,#1097,#1098,#1099,#1100,#1101,
#1102,#1103,#1104,#1105),.UNSPECIFIED.,.F.,.F.,(4,2,2,2,4),(-3.41521704571855,
-2.73151996645991,-1.93213494262553,-0.967527112158958,-0.0877875376933826),
 .UNSPECIFIED.);
#157=B_SPLINE_CURVE_WITH_KNOTS('',3,(#1109,#1110,#1111,#1112,#1113,#1114,
#1115,#1116),.UNSPECIFIED.,.F.,.F.,(4,2,2,4),(-3.04910225232892,-1.91478172577819,
-0.775324458869304,0.),.UNSPECIFIED.);
#158=B_SPLINE_CURVE_WITH_KNOTS('',3,(#1120,#1121,#1122,#1123,#1124,#1125,
#1126,#1127,#1128,#1129),.UNSPECIFIED.,.F.,.F.,(4,2,2,2,4),(-3.50758631634414,
-2.79061891551864,-2.08081742046282,-0.667315766643134,0.),
 .UNSPECIFIED.);
#159=B_SPLINE_CURVE_WITH_KNOTS('',3,(#1167,#1168,#1169,#1170,#1171,#1172,
#1173,#1174),.UNSPECIFIED.,.F.,.F.,(4,2,2,4),(-3.41961592757911,-2.34991021378602,
-1.21191909840885,-0.131032917171184),.UNSPECIFIED.);
#160=B_SPLINE_CURVE_WITH_KNOTS('',3,(#1175,#1176,#1177,#1178,#1179,#1180),
 .UNSPECIFIED.,.F.,.F.,(4,2,4),(-3.37541380519583,-1.76703557889744,-0.0639015955994197),
 .UNSPECIFIED.);
#161=B_SPLINE_CURVE_WITH_KNOTS('',3,(#1223,#1224,#1225,#1226,#1227,#1228),
 .UNSPECIFIED.,.F.,.F.,(4,2,4),(-3.28925045409617,-1.68128665472903,-0.0756594798763349),
 .UNSPECIFIED.);
#162=B_SPLINE_CURVE_WITH_KNOTS('',3,(#1229,#1230,#1231,#1232,#1233,#1234,
#1235,#1236,#1237,#1238),.UNSPECIFIED.,.F.,.F.,(4,2,2,2,4),(-3.41521704571855,
-2.73151996645991,-1.93213494262553,-0.967527112158958,-0.0877875376933826),
 .UNSPECIFIED.);
#163=B_SPLINE_CURVE_WITH_KNOTS('',3,(#1242,#1243,#1244,#1245,#1246,#1247,
#1248,#1249),.UNSPECIFIED.,.F.,.F.,(4,2,2,4),(-3.04910225232892,-1.91478172577819,
-0.775324458869304,0.),.UNSPECIFIED.);
#164=B_SPLINE_CURVE_WITH_KNOTS('',3,(#1253,#1254,#1255,#1256,#1257,#1258,
#1259,#1260,#1261,#1262),.UNSPECIFIED.,.F.,.F.,(4,2,2,2,4),(-3.50758631634414,
-2.79061891551864,-2.08081742046282,-0.667315766643134,0.),
 .UNSPECIFIED.);
#165=B_SPLINE_CURVE_WITH_KNOTS('',3,(#1300,#1301,#1302,#1303,#1304,#1305,
#1306,#1307),.UNSPECIFIED.,.F.,.F.,(4,2,2,4),(-3.41961592757911,-2.34991021378602,
-1.21191909840885,-0.131032917171184),.UNSPECIFIED.);
#166=B_SPLINE_CURVE_WITH_KNOTS('',3,(#1308,#1309,#1310,#1311,#1312,#1313),
 .UNSPECIFIED.,.F.,.F.,(4,2,4),(-3.37541380519583,-1.76703557889744,-0.0639015955994197),
 .UNSPECIFIED.);
#167=B_SPLINE_CURVE_WITH_KNOTS('',3,(#1356,#1357,#1358,#1359,#1360,#1361),
 .UNSPECIFIED.,.F.,.F.,(4,2,4),(-3.28925045409617,-1.68128665472903,-0.0756594798763349),
 .UNSPECIFIED.);
#168=B_SPLINE_CURVE_WITH_KNOTS('',3,(#1362,#1363,#1364,#1365,#1366,#1367,
#1368,#1369,#1370,#1371),.UNSPECIFIED.,.F.,.F.,(4,2,2,2,4),(-3.41521704571855,
-2.73151996645991,-1.93213494262553,-0.967527112158958,-0.0877875376933826),
 .UNSPECIFIED.);
#169=B_SPLINE_CURVE_WITH_KNOTS('',3,(#1374,#1375,#1376,#1377,#1378,#1379,
#1380,#1381),.UNSPECIFIED.,.F.,.F.,(4,2,2,4),(-3.41961592757911,-2.34991021378602,
-1.21191909840885,-0.131032917171184),.UNSPECIFIED.);
#170=B_SPLINE_CURVE_WITH_KNOTS('',3,(#1384,#1385,#1386,#1387,#1388,#1389,
#1390,#1391,#1392,#1393),.UNSPECIFIED.,.F.,.F.,(4,2,2,2,4),(-3.41521704571855,
-2.73151996645991,-1.93213494262553,-0.967527112158958,-0.0877875376933826),
 .UNSPECIFIED.);
#171=B_SPLINE_CURVE_WITH_KNOTS('',3,(#1396,#1397,#1398,#1399,#1400,#1401,
#1402,#1403),.UNSPECIFIED.,.F.,.F.,(4,2,2,4),(-3.04910225232892,-1.91478172577819,
-0.775324458869304,0.),.UNSPECIFIED.);
#172=B_SPLINE_CURVE_WITH_KNOTS('',3,(#1406,#1407,#1408,#1409,#1410,#1411,
#1412,#1413,#1414,#1415),.UNSPECIFIED.,.F.,.F.,(4,2,2,2,4),(-3.50758631634414,
-2.79061891551864,-2.08081742046282,-0.667315766643134,0.),
 .UNSPECIFIED.);
#173=B_SPLINE_CURVE_WITH_KNOTS('',3,(#1417,#1418,#1419,#1420,#1421,#1422),
 .UNSPECIFIED.,.F.,.F.,(4,2,4),(-3.37541380519583,-1.76703557889744,-0.0639015955994197),
 .UNSPECIFIED.);
#174=B_SPLINE_CURVE_WITH_KNOTS('',3,(#1423,#1424,#1425,#1426,#1427,#1428),
 .UNSPECIFIED.,.F.,.F.,(4,2,4),(-3.28925045409617,-1.68128665472903,-0.0756594798763349),
 .UNSPECIFIED.);
#175=VERTEX_POINT('',#688);
#176=VERTEX_POINT('',#689);
#177=VERTEX_POINT('',#697);
#178=VERTEX_POINT('',#699);
#179=VERTEX_POINT('',#715);
#180=VERTEX_POINT('',#718);
#181=VERTEX_POINT('',#720);
#182=VERTEX_POINT('',#723);
#183=VERTEX_POINT('',#727);
#184=VERTEX_POINT('',#732);
#185=VERTEX_POINT('',#736);
#186=VERTEX_POINT('',#737);
#187=VERTEX_POINT('',#744);
#188=VERTEX_POINT('',#746);
#189=VERTEX_POINT('',#757);
#190=VERTEX_POINT('',#758);
#191=VERTEX_POINT('',#765);
#192=VERTEX_POINT('',#767);
#193=VERTEX_POINT('',#778);
#194=VERTEX_POINT('',#779);
#195=VERTEX_POINT('',#788);
#196=VERTEX_POINT('',#790);
#197=VERTEX_POINT('',#799);
#198=VERTEX_POINT('',#800);
#199=VERTEX_POINT('',#807);
#200=VERTEX_POINT('',#809);
#201=VERTEX_POINT('',#820);
#202=VERTEX_POINT('',#821);
#203=VERTEX_POINT('',#830);
#204=VERTEX_POINT('',#832);
#205=VERTEX_POINT('',#841);
#206=VERTEX_POINT('',#842);
#207=VERTEX_POINT('',#851);
#208=VERTEX_POINT('',#853);
#209=VERTEX_POINT('',#974);
#210=VERTEX_POINT('',#975);
#211=VERTEX_POINT('',#984);
#212=VERTEX_POINT('',#986);
#213=VERTEX_POINT('',#1107);
#214=VERTEX_POINT('',#1108);
#215=VERTEX_POINT('',#1117);
#216=VERTEX_POINT('',#1119);
#217=VERTEX_POINT('',#1240);
#218=VERTEX_POINT('',#1241);
#219=VERTEX_POINT('',#1250);
#220=VERTEX_POINT('',#1252);
#221=VERTEX_POINT('',#1373);
#222=VERTEX_POINT('',#1382);
#223=VERTEX_POINT('',#1395);
#224=VERTEX_POINT('',#1404);
#225=EDGE_CURVE('',#175,#176,#133,.T.);
#226=EDGE_CURVE('',#175,#177,#105,.T.);
#227=EDGE_CURVE('',#177,#178,#134,.T.);
#228=EDGE_CURVE('',#176,#178,#106,.T.);
#229=EDGE_CURVE('',#179,#179,#107,.T.);
#230=EDGE_CURVE('',#180,#180,#108,.T.);
#231=EDGE_CURVE('',#181,#181,#109,.T.);
#232=EDGE_CURVE('',#182,#182,#110,.T.);
#233=EDGE_CURVE('',#182,#179,#14,.T.);
#234=EDGE_CURVE('',#183,#183,#111,.T.);
#235=EDGE_CURVE('',#183,#181,#15,.T.);
#236=EDGE_CURVE('',#184,#184,#112,.T.);
#237=EDGE_CURVE('',#184,#180,#16,.T.);
#238=EDGE_CURVE('',#185,#186,#135,.T.);
#239=EDGE_CURVE('',#187,#186,#113,.T.);
#240=EDGE_CURVE('',#187,#188,#136,.T.);
#241=EDGE_CURVE('',#188,#185,#114,.T.);
#242=EDGE_CURVE('',#189,#190,#137,.T.);
#243=EDGE_CURVE('',#191,#190,#115,.T.);
#244=EDGE_CURVE('',#191,#192,#138,.T.);
#245=EDGE_CURVE('',#192,#189,#116,.T.);
#246=EDGE_CURVE('',#193,#194,#139,.T.);
#247=EDGE_CURVE('',#194,#195,#117,.T.);
#248=EDGE_CURVE('',#195,#196,#140,.T.);
#249=EDGE_CURVE('',#193,#196,#118,.T.);
#250=EDGE_CURVE('',#197,#198,#141,.T.);
#251=EDGE_CURVE('',#199,#198,#119,.T.);
#252=EDGE_CURVE('',#199,#200,#142,.T.);
#253=EDGE_CURVE('',#200,#197,#120,.T.);
#254=EDGE_CURVE('',#201,#202,#143,.T.);
#255=EDGE_CURVE('',#202,#203,#121,.T.);
#256=EDGE_CURVE('',#203,#204,#144,.T.);
#257=EDGE_CURVE('',#201,#204,#122,.T.);
#258=EDGE_CURVE('',#205,#206,#145,.T.);
#259=EDGE_CURVE('',#206,#207,#123,.T.);
#260=EDGE_CURVE('',#207,#208,#146,.T.);
#261=EDGE_CURVE('',#205,#208,#124,.T.);
#262=EDGE_CURVE('',#204,#205,#147,.T.);
#263=EDGE_CURVE('',#206,#203,#148,.T.);
#264=EDGE_CURVE('',#188,#207,#149,.T.);
#265=EDGE_CURVE('',#208,#187,#150,.T.);
#266=EDGE_CURVE('',#209,#210,#151,.T.);
#267=EDGE_CURVE('',#210,#211,#125,.T.);
#268=EDGE_CURVE('',#211,#212,#152,.T.);
#269=EDGE_CURVE('',#209,#212,#126,.T.);
#270=EDGE_CURVE('',#196,#209,#153,.T.);
#271=EDGE_CURVE('',#210,#195,#154,.T.);
#272=EDGE_CURVE('',#200,#211,#155,.T.);
#273=EDGE_CURVE('',#212,#199,#156,.T.);
#274=EDGE_CURVE('',#213,#214,#157,.T.);
#275=EDGE_CURVE('',#214,#215,#127,.T.);
#276=EDGE_CURVE('',#215,#216,#158,.T.);
#277=EDGE_CURVE('',#213,#216,#128,.T.);
#278=EDGE_CURVE('',#186,#213,#159,.T.);
#279=EDGE_CURVE('',#214,#185,#160,.T.);
#280=EDGE_CURVE('',#192,#215,#161,.T.);
#281=EDGE_CURVE('',#216,#191,#162,.T.);
#282=EDGE_CURVE('',#217,#218,#163,.T.);
#283=EDGE_CURVE('',#218,#219,#129,.T.);
#284=EDGE_CURVE('',#219,#220,#164,.T.);
#285=EDGE_CURVE('',#217,#220,#130,.T.);
#286=EDGE_CURVE('',#190,#217,#165,.T.);
#287=EDGE_CURVE('',#218,#189,#166,.T.);
#288=EDGE_CURVE('',#194,#219,#167,.T.);
#289=EDGE_CURVE('',#220,#193,#168,.T.);
#290=EDGE_CURVE('',#198,#221,#169,.T.);
#291=EDGE_CURVE('',#221,#222,#131,.T.);
#292=EDGE_CURVE('',#222,#201,#170,.T.);
#293=EDGE_CURVE('',#221,#223,#171,.T.);
#294=EDGE_CURVE('',#223,#224,#132,.T.);
#295=EDGE_CURVE('',#224,#222,#172,.T.);
#296=EDGE_CURVE('',#223,#197,#173,.T.);
#297=EDGE_CURVE('',#202,#224,#174,.T.);
#298=ORIENTED_EDGE('',*,*,#225,.F.);
#299=ORIENTED_EDGE('',*,*,#226,.T.);
#300=ORIENTED_EDGE('',*,*,#227,.T.);
#301=ORIENTED_EDGE('',*,*,#228,.F.);
#302=ORIENTED_EDGE('',*,*,#229,.F.);
#303=ORIENTED_EDGE('',*,*,#230,.F.);
#304=ORIENTED_EDGE('',*,*,#231,.F.);
#305=ORIENTED_EDGE('',*,*,#232,.F.);
#306=ORIENTED_EDGE('',*,*,#233,.T.);
#307=ORIENTED_EDGE('',*,*,#229,.T.);
#308=ORIENTED_EDGE('',*,*,#233,.F.);
#309=ORIENTED_EDGE('',*,*,#234,.F.);
#310=ORIENTED_EDGE('',*,*,#235,.T.);
#311=ORIENTED_EDGE('',*,*,#231,.T.);
#312=ORIENTED_EDGE('',*,*,#235,.F.);
#313=ORIENTED_EDGE('',*,*,#234,.T.);
#314=ORIENTED_EDGE('',*,*,#232,.T.);
#315=ORIENTED_EDGE('',*,*,#236,.F.);
#316=ORIENTED_EDGE('',*,*,#237,.T.);
#317=ORIENTED_EDGE('',*,*,#230,.T.);
#318=ORIENTED_EDGE('',*,*,#237,.F.);
#319=ORIENTED_EDGE('',*,*,#238,.T.);
#320=ORIENTED_EDGE('',*,*,#239,.F.);
#321=ORIENTED_EDGE('',*,*,#240,.T.);
#322=ORIENTED_EDGE('',*,*,#241,.T.);
#323=ORIENTED_EDGE('',*,*,#242,.T.);
#324=ORIENTED_EDGE('',*,*,#243,.F.);
#325=ORIENTED_EDGE('',*,*,#244,.T.);
#326=ORIENTED_EDGE('',*,*,#245,.T.);
#327=ORIENTED_EDGE('',*,*,#246,.T.);
#328=ORIENTED_EDGE('',*,*,#247,.T.);
#329=ORIENTED_EDGE('',*,*,#248,.T.);
#330=ORIENTED_EDGE('',*,*,#249,.F.);
#331=ORIENTED_EDGE('',*,*,#250,.T.);
#332=ORIENTED_EDGE('',*,*,#251,.F.);
#333=ORIENTED_EDGE('',*,*,#252,.T.);
#334=ORIENTED_EDGE('',*,*,#253,.T.);
#335=ORIENTED_EDGE('',*,*,#254,.T.);
#336=ORIENTED_EDGE('',*,*,#255,.T.);
#337=ORIENTED_EDGE('',*,*,#256,.T.);
#338=ORIENTED_EDGE('',*,*,#257,.F.);
#339=ORIENTED_EDGE('',*,*,#258,.T.);
#340=ORIENTED_EDGE('',*,*,#259,.T.);
#341=ORIENTED_EDGE('',*,*,#260,.T.);
#342=ORIENTED_EDGE('',*,*,#261,.F.);
#343=ORIENTED_EDGE('',*,*,#258,.F.);
#344=ORIENTED_EDGE('',*,*,#262,.F.);
#345=ORIENTED_EDGE('',*,*,#256,.F.);
#346=ORIENTED_EDGE('',*,*,#263,.F.);
#347=ORIENTED_EDGE('',*,*,#260,.F.);
#348=ORIENTED_EDGE('',*,*,#264,.F.);
#349=ORIENTED_EDGE('',*,*,#240,.F.);
#350=ORIENTED_EDGE('',*,*,#265,.F.);
#351=ORIENTED_EDGE('',*,*,#266,.T.);
#352=ORIENTED_EDGE('',*,*,#267,.T.);
#353=ORIENTED_EDGE('',*,*,#268,.T.);
#354=ORIENTED_EDGE('',*,*,#269,.F.);
#355=ORIENTED_EDGE('',*,*,#266,.F.);
#356=ORIENTED_EDGE('',*,*,#270,.F.);
#357=ORIENTED_EDGE('',*,*,#248,.F.);
#358=ORIENTED_EDGE('',*,*,#271,.F.);
#359=ORIENTED_EDGE('',*,*,#268,.F.);
#360=ORIENTED_EDGE('',*,*,#272,.F.);
#361=ORIENTED_EDGE('',*,*,#252,.F.);
#362=ORIENTED_EDGE('',*,*,#273,.F.);
#363=ORIENTED_EDGE('',*,*,#274,.T.);
#364=ORIENTED_EDGE('',*,*,#275,.T.);
#365=ORIENTED_EDGE('',*,*,#276,.T.);
#366=ORIENTED_EDGE('',*,*,#277,.F.);
#367=ORIENTED_EDGE('',*,*,#274,.F.);
#368=ORIENTED_EDGE('',*,*,#278,.F.);
#369=ORIENTED_EDGE('',*,*,#238,.F.);
#370=ORIENTED_EDGE('',*,*,#279,.F.);
#371=ORIENTED_EDGE('',*,*,#276,.F.);
#372=ORIENTED_EDGE('',*,*,#280,.F.);
#373=ORIENTED_EDGE('',*,*,#244,.F.);
#374=ORIENTED_EDGE('',*,*,#281,.F.);
#375=ORIENTED_EDGE('',*,*,#282,.T.);
#376=ORIENTED_EDGE('',*,*,#283,.T.);
#377=ORIENTED_EDGE('',*,*,#284,.T.);
#378=ORIENTED_EDGE('',*,*,#285,.F.);
#379=ORIENTED_EDGE('',*,*,#282,.F.);
#380=ORIENTED_EDGE('',*,*,#286,.F.);
#381=ORIENTED_EDGE('',*,*,#242,.F.);
#382=ORIENTED_EDGE('',*,*,#287,.F.);
#383=ORIENTED_EDGE('',*,*,#284,.F.);
#384=ORIENTED_EDGE('',*,*,#288,.F.);
#385=ORIENTED_EDGE('',*,*,#246,.F.);
#386=ORIENTED_EDGE('',*,*,#289,.F.);
#387=ORIENTED_EDGE('',*,*,#290,.T.);
#388=ORIENTED_EDGE('',*,*,#291,.T.);
#389=ORIENTED_EDGE('',*,*,#292,.T.);
#390=ORIENTED_EDGE('',*,*,#257,.T.);
#391=ORIENTED_EDGE('',*,*,#262,.T.);
#392=ORIENTED_EDGE('',*,*,#261,.T.);
#393=ORIENTED_EDGE('',*,*,#265,.T.);
#394=ORIENTED_EDGE('',*,*,#239,.T.);
#395=ORIENTED_EDGE('',*,*,#278,.T.);
#396=ORIENTED_EDGE('',*,*,#277,.T.);
#397=ORIENTED_EDGE('',*,*,#281,.T.);
#398=ORIENTED_EDGE('',*,*,#243,.T.);
#399=ORIENTED_EDGE('',*,*,#286,.T.);
#400=ORIENTED_EDGE('',*,*,#285,.T.);
#401=ORIENTED_EDGE('',*,*,#289,.T.);
#402=ORIENTED_EDGE('',*,*,#249,.T.);
#403=ORIENTED_EDGE('',*,*,#270,.T.);
#404=ORIENTED_EDGE('',*,*,#269,.T.);
#405=ORIENTED_EDGE('',*,*,#273,.T.);
#406=ORIENTED_EDGE('',*,*,#251,.T.);
#407=ORIENTED_EDGE('',*,*,#293,.T.);
#408=ORIENTED_EDGE('',*,*,#294,.T.);
#409=ORIENTED_EDGE('',*,*,#295,.T.);
#410=ORIENTED_EDGE('',*,*,#291,.F.);
#411=ORIENTED_EDGE('',*,*,#296,.T.);
#412=ORIENTED_EDGE('',*,*,#253,.F.);
#413=ORIENTED_EDGE('',*,*,#272,.T.);
#414=ORIENTED_EDGE('',*,*,#267,.F.);
#415=ORIENTED_EDGE('',*,*,#271,.T.);
#416=ORIENTED_EDGE('',*,*,#247,.F.);
#417=ORIENTED_EDGE('',*,*,#288,.T.);
#418=ORIENTED_EDGE('',*,*,#283,.F.);
#419=ORIENTED_EDGE('',*,*,#287,.T.);
#420=ORIENTED_EDGE('',*,*,#245,.F.);
#421=ORIENTED_EDGE('',*,*,#280,.T.);
#422=ORIENTED_EDGE('',*,*,#275,.F.);
#423=ORIENTED_EDGE('',*,*,#279,.T.);
#424=ORIENTED_EDGE('',*,*,#241,.F.);
#425=ORIENTED_EDGE('',*,*,#264,.T.);
#426=ORIENTED_EDGE('',*,*,#259,.F.);
#427=ORIENTED_EDGE('',*,*,#263,.T.);
#428=ORIENTED_EDGE('',*,*,#255,.F.);
#429=ORIENTED_EDGE('',*,*,#297,.T.);
#430=ORIENTED_EDGE('',*,*,#294,.F.);
#431=ORIENTED_EDGE('',*,*,#236,.T.);
#432=ORIENTED_EDGE('',*,*,#293,.F.);
#433=ORIENTED_EDGE('',*,*,#290,.F.);
#434=ORIENTED_EDGE('',*,*,#250,.F.);
#435=ORIENTED_EDGE('',*,*,#296,.F.);
#436=ORIENTED_EDGE('',*,*,#295,.F.);
#437=ORIENTED_EDGE('',*,*,#297,.F.);
#438=ORIENTED_EDGE('',*,*,#254,.F.);
#439=ORIENTED_EDGE('',*,*,#292,.F.);
#440=B_SPLINE_SURFACE_WITH_KNOTS('',3,3,((#639,#640,#641,#642,#643,#644,
#645),(#646,#647,#648,#649,#650,#651,#652),(#653,#654,#655,#656,#657,#658,
#659),(#660,#661,#662,#663,#664,#665,#666),(#667,#668,#669,#670,#671,#672,
#673),(#674,#675,#676,#677,#678,#679,#680),(#681,#682,#683,#684,#685,#686,
#687)),.UNSPECIFIED.,.F.,.F.,.F.,(4,1,1,1,4),(4,1,1,1,4),(0.,0.285714285714286,
0.571428571428571,0.857142857142857,1.),(0.,0.285714285714286,0.571428571428571,
0.714285714285714,1.),.UNSPECIFIED.);
#441=B_SPLINE_SURFACE_WITH_KNOTS('',3,3,((#865,#866,#867,#868,#869,#870),
(#871,#872,#873,#874,#875,#876),(#877,#878,#879,#880,#881,#882),(#883,#884,
#885,#886,#887,#888),(#889,#890,#891,#892,#893,#894),(#895,#896,#897,#898,
#899,#900)),.UNSPECIFIED.,.F.,.F.,.F.,(4,1,1,4),(4,1,1,4),(0.011825264080773,
0.499268551700516,0.621129373605452,0.864851017415323),(0.0178383840316613,
0.419800756929502,0.687775672194729,0.955750587459956),.UNSPECIFIED.);
#442=B_SPLINE_SURFACE_WITH_KNOTS('',3,3,((#915,#916,#917,#918,#919,#920,
#921),(#922,#923,#924,#925,#926,#927,#928),(#929,#930,#931,#932,#933,#934,
#935),(#936,#937,#938,#939,#940,#941,#942),(#943,#944,#945,#946,#947,#948,
#949),(#950,#951,#952,#953,#954,#955,#956)),.UNSPECIFIED.,.F.,.F.,.F.,(4,
1,1,4),(4,1,1,1,4),(0.064856984725888,0.463624078846976,0.729468808261035,
0.995313537675094),(0.0251419081826352,0.161193219972132,0.433295843551126,
0.70539846713012,0.977501090709114),.UNSPECIFIED.);
#443=B_SPLINE_SURFACE_WITH_KNOTS('',3,3,((#998,#999,#1000,#1001,#1002,#1003),
(#1004,#1005,#1006,#1007,#1008,#1009),(#1010,#1011,#1012,#1013,#1014,#1015),
(#1016,#1017,#1018,#1019,#1020,#1021),(#1022,#1023,#1024,#1025,#1026,#1027),
(#1028,#1029,#1030,#1031,#1032,#1033)),.UNSPECIFIED.,.F.,.F.,.F.,(4,1,1,
4),(4,1,1,4),(0.011825264080773,0.499268551700516,0.621129373605452,0.864851017415323),
(0.0178383840316613,0.419800756929502,0.687775672194729,0.955750587459956),
 .UNSPECIFIED.);
#444=B_SPLINE_SURFACE_WITH_KNOTS('',3,3,((#1048,#1049,#1050,#1051,#1052,
#1053,#1054),(#1055,#1056,#1057,#1058,#1059,#1060,#1061),(#1062,#1063,#1064,
#1065,#1066,#1067,#1068),(#1069,#1070,#1071,#1072,#1073,#1074,#1075),(#1076,
#1077,#1078,#1079,#1080,#1081,#1082),(#1083,#1084,#1085,#1086,#1087,#1088,
#1089)),.UNSPECIFIED.,.F.,.F.,.F.,(4,1,1,4),(4,1,1,1,4),(0.064856984725888,
0.463624078846976,0.729468808261035,0.995313537675094),(0.0251419081826352,
0.161193219972132,0.433295843551126,0.70539846713012,0.977501090709114),
 .UNSPECIFIED.);
#445=B_SPLINE_SURFACE_WITH_KNOTS('',3,3,((#1131,#1132,#1133,#1134,#1135,
#1136),(#1137,#1138,#1139,#1140,#1141,#1142),(#1143,#1144,#1145,#1146,#1147,
#1148),(#1149,#1150,#1151,#1152,#1153,#1154),(#1155,#1156,#1157,#1158,#1159,
#1160),(#1161,#1162,#1163,#1164,#1165,#1166)),.UNSPECIFIED.,.F.,.F.,.F.,
(4,1,1,4),(4,1,1,4),(0.011825264080773,0.499268551700516,0.621129373605452,
0.864851017415323),(0.0178383840316613,0.419800756929502,0.687775672194729,
0.955750587459956),.UNSPECIFIED.);
#446=B_SPLINE_SURFACE_WITH_KNOTS('',3,3,((#1181,#1182,#1183,#1184,#1185,
#1186,#1187),(#1188,#1189,#1190,#1191,#1192,#1193,#1194),(#1195,#1196,#1197,
#1198,#1199,#1200,#1201),(#1202,#1203,#1204,#1205,#1206,#1207,#1208),(#1209,
#1210,#1211,#1212,#1213,#1214,#1215),(#1216,#1217,#1218,#1219,#1220,#1221,
#1222)),.UNSPECIFIED.,.F.,.F.,.F.,(4,1,1,4),(4,1,1,1,4),(0.064856984725888,
0.463624078846976,0.729468808261035,0.995313537675094),(0.0251419081826352,
0.161193219972132,0.433295843551126,0.70539846713012,0.977501090709114),
 .UNSPECIFIED.);
#447=B_SPLINE_SURFACE_WITH_KNOTS('',3,3,((#1264,#1265,#1266,#1267,#1268,
#1269),(#1270,#1271,#1272,#1273,#1274,#1275),(#1276,#1277,#1278,#1279,#1280,
#1281),(#1282,#1283,#1284,#1285,#1286,#1287),(#1288,#1289,#1290,#1291,#1292,
#1293),(#1294,#1295,#1296,#1297,#1298,#1299)),.UNSPECIFIED.,.F.,.F.,.F.,
(4,1,1,4),(4,1,1,4),(0.011825264080773,0.499268551700516,0.621129373605452,
0.864851017415323),(0.0178383840316613,0.419800756929502,0.687775672194729,
0.955750587459956),.UNSPECIFIED.);
#448=B_SPLINE_SURFACE_WITH_KNOTS('',3,3,((#1314,#1315,#1316,#1317,#1318,
#1319,#1320),(#1321,#1322,#1323,#1324,#1325,#1326,#1327),(#1328,#1329,#1330,
#1331,#1332,#1333,#1334),(#1335,#1336,#1337,#1338,#1339,#1340,#1341),(#1342,
#1343,#1344,#1345,#1346,#1347,#1348),(#1349,#1350,#1351,#1352,#1353,#1354,
#1355)),.UNSPECIFIED.,.F.,.F.,.F.,(4,1,1,4),(4,1,1,1,4),(0.064856984725888,
0.463624078846976,0.729468808261035,0.995313537675094),(0.0251419081826352,
0.161193219972132,0.433295843551126,0.70539846713012,0.977501090709114),
 .UNSPECIFIED.);
#449=B_SPLINE_SURFACE_WITH_KNOTS('',3,3,((#1429,#1430,#1431,#1432,#1433,
#1434),(#1435,#1436,#1437,#1438,#1439,#1440),(#1441,#1442,#1443,#1444,#1445,
#1446),(#1447,#1448,#1449,#1450,#1451,#1452),(#1453,#1454,#1455,#1456,#1457,
#1458),(#1459,#1460,#1461,#1462,#1463,#1464)),.UNSPECIFIED.,.F.,.F.,.F.,
(4,1,1,4),(4,1,1,4),(0.011825264080773,0.499268551700516,0.621129373605452,
0.864851017415323),(0.0178383840316613,0.419800756929502,0.687775672194729,
0.955750587459956),.UNSPECIFIED.);
#450=B_SPLINE_SURFACE_WITH_KNOTS('',3,3,((#1465,#1466,#1467,#1468,#1469,
#1470,#1471),(#1472,#1473,#1474,#1475,#1476,#1477,#1478),(#1479,#1480,#1481,
#1482,#1483,#1484,#1485),(#1486,#1487,#1488,#1489,#1490,#1491,#1492),(#1493,
#1494,#1495,#1496,#1497,#1498,#1499),(#1500,#1501,#1502,#1503,#1504,#1505,
#1506)),.UNSPECIFIED.,.F.,.F.,.F.,(4,1,1,4),(4,1,1,1,4),(0.064856984725888,
0.463624078846976,0.729468808261035,0.995313537675094),(0.0251419081826352,
0.161193219972132,0.433295843551126,0.70539846713012,0.977501090709114),
 .UNSPECIFIED.);
#451=ADVANCED_FACE('',(#44),#440,.F.);
#452=ADVANCED_FACE('',(#45),#36,.F.);
#453=ADVANCED_FACE('',(#46,#33),#37,.F.);
#454=ADVANCED_FACE('',(#47),#20,.F.);
#455=ADVANCED_FACE('',(#48),#21,.T.);
#456=ADVANCED_FACE('',(#49,#34),#38,.T.);
#457=ADVANCED_FACE('',(#50),#22,.F.);
#458=ADVANCED_FACE('',(#51),#23,.T.);
#459=ADVANCED_FACE('',(#52),#24,.T.);
#460=ADVANCED_FACE('',(#53),#25,.T.);
#461=ADVANCED_FACE('',(#54),#26,.T.);
#462=ADVANCED_FACE('',(#55),#27,.T.);
#463=ADVANCED_FACE('',(#56),#28,.T.);
#464=ADVANCED_FACE('',(#57),#441,.F.);
#465=ADVANCED_FACE('',(#58),#442,.T.);
#466=ADVANCED_FACE('',(#59),#29,.T.);
#467=ADVANCED_FACE('',(#60),#443,.F.);
#468=ADVANCED_FACE('',(#61),#444,.T.);
#469=ADVANCED_FACE('',(#62),#30,.T.);
#470=ADVANCED_FACE('',(#63),#445,.F.);
#471=ADVANCED_FACE('',(#64),#446,.T.);
#472=ADVANCED_FACE('',(#65),#31,.T.);
#473=ADVANCED_FACE('',(#66),#447,.F.);
#474=ADVANCED_FACE('',(#67),#448,.T.);
#475=ADVANCED_FACE('',(#68),#39,.T.);
#476=ADVANCED_FACE('',(#69),#32,.T.);
#477=ADVANCED_FACE('',(#70,#35),#40,.F.);
#478=ADVANCED_FACE('',(#71),#449,.F.);
#479=ADVANCED_FACE('',(#72),#450,.T.);
#480=OPEN_SHELL('',(#451));
#481=SHELL_BASED_SURFACE_MODEL('Body5',(#480));
#482=DERIVED_UNIT_ELEMENT(#484,1.);
#483=DERIVED_UNIT_ELEMENT(#1512,-3.);
#484=(
MASS_UNIT()
NAMED_UNIT(*)
SI_UNIT(.KILO.,.GRAM.)
);
#485=DERIVED_UNIT((#482,#483));
#486=MEASURE_REPRESENTATION_ITEM('density measure',
POSITIVE_RATIO_MEASURE(7850.),#485);
#487=PROPERTY_DEFINITION_REPRESENTATION(#492,#489);
#488=PROPERTY_DEFINITION_REPRESENTATION(#493,#490);
#489=REPRESENTATION('material name',(#491),#1509);
#490=REPRESENTATION('density',(#486),#1509);
#491=DESCRIPTIVE_REPRESENTATION_ITEM('Steel','Steel');
#492=PROPERTY_DEFINITION('material property','material name',#1519);
#493=PROPERTY_DEFINITION('material property','density of part',#1519);
#494=AXIS2_PLACEMENT_3D('',#638,#541,#542);
#495=AXIS2_PLACEMENT_3D('',#698,#543,#544);
#496=AXIS2_PLACEMENT_3D('',#713,#545,#546);
#497=AXIS2_PLACEMENT_3D('',#714,#547,#548);
#498=AXIS2_PLACEMENT_3D('',#716,#549,#550);
#499=AXIS2_PLACEMENT_3D('',#717,#551,#552);
#500=AXIS2_PLACEMENT_3D('',#719,#553,#554);
#501=AXIS2_PLACEMENT_3D('',#721,#555,#556);
#502=AXIS2_PLACEMENT_3D('',#722,#557,#558);
#503=AXIS2_PLACEMENT_3D('',#724,#559,#560);
#504=AXIS2_PLACEMENT_3D('',#726,#562,#563);
#505=AXIS2_PLACEMENT_3D('',#728,#564,#565);
#506=AXIS2_PLACEMENT_3D('',#730,#567,#568);
#507=AXIS2_PLACEMENT_3D('',#731,#569,#570);
#508=AXIS2_PLACEMENT_3D('',#733,#571,#572);
#509=AXIS2_PLACEMENT_3D('',#735,#574,#575);
#510=AXIS2_PLACEMENT_3D('',#745,#576,#577);
#511=AXIS2_PLACEMENT_3D('',#755,#578,#579);
#512=AXIS2_PLACEMENT_3D('',#756,#580,#581);
#513=AXIS2_PLACEMENT_3D('',#766,#582,#583);
#514=AXIS2_PLACEMENT_3D('',#776,#584,#585);
#515=AXIS2_PLACEMENT_3D('',#777,#586,#587);
#516=AXIS2_PLACEMENT_3D('',#789,#588,#589);
#517=AXIS2_PLACEMENT_3D('',#797,#590,#591);
#518=AXIS2_PLACEMENT_3D('',#798,#592,#593);
#519=AXIS2_PLACEMENT_3D('',#808,#594,#595);
#520=AXIS2_PLACEMENT_3D('',#818,#596,#597);
#521=AXIS2_PLACEMENT_3D('',#819,#598,#599);
#522=AXIS2_PLACEMENT_3D('',#831,#600,#601);
#523=AXIS2_PLACEMENT_3D('',#839,#602,#603);
#524=AXIS2_PLACEMENT_3D('',#840,#604,#605);
#525=AXIS2_PLACEMENT_3D('',#852,#606,#607);
#526=AXIS2_PLACEMENT_3D('',#864,#608,#609);
#527=AXIS2_PLACEMENT_3D('',#973,#610,#611);
#528=AXIS2_PLACEMENT_3D('',#985,#612,#613);
#529=AXIS2_PLACEMENT_3D('',#997,#614,#615);
#530=AXIS2_PLACEMENT_3D('',#1106,#616,#617);
#531=AXIS2_PLACEMENT_3D('',#1118,#618,#619);
#532=AXIS2_PLACEMENT_3D('',#1130,#620,#621);
#533=AXIS2_PLACEMENT_3D('',#1239,#622,#623);
#534=AXIS2_PLACEMENT_3D('',#1251,#624,#625);
#535=AXIS2_PLACEMENT_3D('',#1263,#626,#627);
#536=AXIS2_PLACEMENT_3D('',#1372,#628,#629);
#537=AXIS2_PLACEMENT_3D('',#1383,#630,#631);
#538=AXIS2_PLACEMENT_3D('',#1394,#632,#633);
#539=AXIS2_PLACEMENT_3D('',#1405,#634,#635);
#540=AXIS2_PLACEMENT_3D('',#1416,#636,#637);
#541=DIRECTION('axis',(0.,0.,1.));
#542=DIRECTION('refdir',(1.,0.,0.));
#543=DIRECTION('center_axis',(0.,1.,0.));
#544=DIRECTION('ref_axis',(0.776880227611792,0.,0.629648403433099));
#545=DIRECTION('center_axis',(0.,1.,0.));
#546=DIRECTION('ref_axis',(0.968916484006921,0.,0.24738804946817));
#547=DIRECTION('center_axis',(0.,1.,0.));
#548=DIRECTION('ref_axis',(0.,0.,-1.));
#549=DIRECTION('center_axis',(0.,1.,0.));
#550=DIRECTION('ref_axis',(1.,0.,0.));
#551=DIRECTION('center_axis',(0.,1.,0.));
#552=DIRECTION('ref_axis',(0.,0.,-1.));
#553=DIRECTION('center_axis',(0.,1.,0.));
#554=DIRECTION('ref_axis',(0.,0.,-1.));
#555=DIRECTION('center_axis',(0.,-1.,0.));
#556=DIRECTION('ref_axis',(1.,0.,0.));
#557=DIRECTION('center_axis',(0.,-1.,0.));
#558=DIRECTION('ref_axis',(1.,0.,0.));
#559=DIRECTION('center_axis',(0.,1.,0.));
#560=DIRECTION('ref_axis',(1.,0.,0.));
#561=DIRECTION('',(0.,1.,0.));
#562=DIRECTION('center_axis',(0.,-1.,0.));
#563=DIRECTION('ref_axis',(1.,0.,0.));
#564=DIRECTION('center_axis',(0.,-1.,0.));
#565=DIRECTION('ref_axis',(1.,0.,0.));
#566=DIRECTION('',(0.,1.,0.));
#567=DIRECTION('center_axis',(0.,-1.,0.));
#568=DIRECTION('ref_axis',(1.,0.,0.));
#569=DIRECTION('center_axis',(0.,1.,0.));
#570=DIRECTION('ref_axis',(0.,0.,-1.));
#571=DIRECTION('center_axis',(0.,1.,0.));
#572=DIRECTION('ref_axis',(0.,0.,-1.));
#573=DIRECTION('',(0.,1.,0.));
#574=DIRECTION('center_axis',(0.,1.,0.));
#575=DIRECTION('ref_axis',(1.,0.,0.));
#576=DIRECTION('center_axis',(0.,1.,0.));
#577=DIRECTION('ref_axis',(1.,0.,0.));
#578=DIRECTION('center_axis',(0.,1.,0.));
#579=DIRECTION('ref_axis',(1.,0.,0.));
#580=DIRECTION('center_axis',(0.,1.,0.));
#581=DIRECTION('ref_axis',(1.,0.,0.));
#582=DIRECTION('center_axis',(0.,1.,0.));
#583=DIRECTION('ref_axis',(1.,0.,0.));
#584=DIRECTION('center_axis',(0.,1.,0.));
#585=DIRECTION('ref_axis',(1.,0.,0.));
#586=DIRECTION('center_axis',(0.,1.,0.));
#587=DIRECTION('ref_axis',(-0.955128467966992,0.,-0.296191846071136));
#588=DIRECTION('center_axis',(0.,1.,0.));
#589=DIRECTION('ref_axis',(1.,0.,0.));
#590=DIRECTION('center_axis',(0.,1.,0.));
#591=DIRECTION('ref_axis',(1.,0.,0.));
#592=DIRECTION('center_axis',(0.,1.,0.));
#593=DIRECTION('ref_axis',(1.,0.,0.));
#594=DIRECTION('center_axis',(0.,1.,0.));
#595=DIRECTION('ref_axis',(1.,0.,0.));
#596=DIRECTION('center_axis',(0.,1.,0.));
#597=DIRECTION('ref_axis',(1.,0.,0.));
#598=DIRECTION('center_axis',(0.,1.,0.));
#599=DIRECTION('ref_axis',(1.,0.,0.));
#600=DIRECTION('center_axis',(0.,1.,0.));
#601=DIRECTION('ref_axis',(1.,0.,0.));
#602=DIRECTION('center_axis',(0.,1.,0.));
#603=DIRECTION('ref_axis',(1.,0.,0.));
#604=DIRECTION('center_axis',(0.,1.,0.));
#605=DIRECTION('ref_axis',(0.309016994374947,0.,0.951056516295154));
#606=DIRECTION('center_axis',(0.,1.,0.));
#607=DIRECTION('ref_axis',(0.309016994374947,0.,0.951056516295154));
#608=DIRECTION('center_axis',(0.,1.,0.));
#609=DIRECTION('ref_axis',(0.309016994374947,0.,0.951056516295154));
#610=DIRECTION('center_axis',(0.,1.,0.));
#611=DIRECTION('ref_axis',(-0.809016994374947,0.,-0.587785252292473));
#612=DIRECTION('center_axis',(0.,1.,0.));
#613=DIRECTION('ref_axis',(-0.809016994374947,0.,-0.587785252292473));
#614=DIRECTION('center_axis',(0.,1.,0.));
#615=DIRECTION('ref_axis',(-0.809016994374947,0.,-0.587785252292473));
#616=DIRECTION('center_axis',(0.,1.,0.));
#617=DIRECTION('ref_axis',(1.,0.,0.));
#618=DIRECTION('center_axis',(0.,1.,0.));
#619=DIRECTION('ref_axis',(1.,0.,0.));
#620=DIRECTION('center_axis',(0.,1.,0.));
#621=DIRECTION('ref_axis',(1.,0.,0.));
#622=DIRECTION('center_axis',(0.,1.,0.));
#623=DIRECTION('ref_axis',(0.309016994374947,0.,-0.951056516295153));
#624=DIRECTION('center_axis',(0.,1.,0.));
#625=DIRECTION('ref_axis',(0.309016994374947,0.,-0.951056516295153));
#626=DIRECTION('center_axis',(0.,1.,0.));
#627=DIRECTION('ref_axis',(0.309016994374947,0.,-0.951056516295153));
#628=DIRECTION('center_axis',(0.,1.,0.));
#629=DIRECTION('ref_axis',(-0.809016994374947,0.,0.587785252292473));
#630=DIRECTION('center_axis',(0.,1.,0.));
#631=DIRECTION('ref_axis',(-0.809016994374947,0.,0.587785252292473));
#632=DIRECTION('center_axis',(0.,1.,0.));
#633=DIRECTION('ref_axis',(-0.809016994374947,0.,0.587785252292473));
#634=DIRECTION('center_axis',(0.,1.,0.));
#635=DIRECTION('ref_axis',(-0.809016994374947,0.,0.587785252292473));
#636=DIRECTION('center_axis',(0.,1.,0.));
#637=DIRECTION('ref_axis',(-0.809016994374947,0.,0.587785252292473));
#638=CARTESIAN_POINT('',(0.,0.,0.));
#639=CARTESIAN_POINT('Ctrl Pts',(8.06572980926961,-1.,-3.99299419532006));
#640=CARTESIAN_POINT('Ctrl Pts',(10.152418016186,-1.,-6.56761647706507));
#641=CARTESIAN_POINT('Ctrl Pts',(13.8122601658561,-1.00000000243284,-12.1330809266736));
#642=CARTESIAN_POINT('Ctrl Pts',(16.9220685529096,-1.00000000808051,-19.8565641690037));
#643=CARTESIAN_POINT('Ctrl Pts',(18.8429775991243,-1.00000001307653,-27.9265456041839));
#644=CARTESIAN_POINT('Ctrl Pts',(19.2654188514436,-1.00000001490116,-32.9042287332176));
#645=CARTESIAN_POINT('Ctrl Pts',(19.21620503288,-1.00000001490116,-36.2179163416991));
#646=CARTESIAN_POINT('Ctrl Pts',(7.84437266782553,0.862022463018276,-4.44012905375105));
#647=CARTESIAN_POINT('Ctrl Pts',(9.83270713553621,0.932784337809205,-7.1921861954502));
#648=CARTESIAN_POINT('Ctrl Pts',(13.1979730495463,1.07368030289422,-13.0979662476278));
#649=CARTESIAN_POINT('Ctrl Pts',(15.7638389627427,1.25101480115248,-21.1248502347972));
#650=CARTESIAN_POINT('Ctrl Pts',(17.0594427214396,1.42893069459128,-29.3426530367322));
#651=CARTESIAN_POINT('Ctrl Pts',(17.0721251880252,1.53426028275664,-34.2965406143478));
#652=CARTESIAN_POINT('Ctrl Pts',(16.7484891171111,1.60502215754757,-37.5272168147835));
#653=CARTESIAN_POINT('Ctrl Pts',(7.23226286854857,4.5292540279498,-5.49170731176978));
#654=CARTESIAN_POINT('Ctrl Pts',(8.96934267490589,4.68644745891092,-8.53213003176063));
#655=CARTESIAN_POINT('Ctrl Pts',(11.6810878568192,4.9940071892486,-15.0369285193223));
#656=CARTESIAN_POINT('Ctrl Pts',(13.0664402556483,5.3705713383741,-23.6021632735583));
#657=CARTESIAN_POINT('Ctrl Pts',(12.9853735723646,5.74883920908534,-32.0176577117828));
#658=CARTESIAN_POINT('Ctrl Pts',(12.0912388017408,5.97961255338594,-36.8380028611801));
#659=CARTESIAN_POINT('Ctrl Pts',(11.1642110431836,6.13680598434707,-39.8361521039075));
#660=CARTESIAN_POINT('Ctrl Pts',(5.54252294060378,9.75616950998974,-7.27330840902555));
#661=CARTESIAN_POINT('Ctrl Pts',(6.84960487303619,9.91542270282672,-10.5579630566368));
#662=CARTESIAN_POINT('Ctrl Pts',(8.4786934225657,10.2145222386764,-17.5851012071344));
#663=CARTESIAN_POINT('Ctrl Pts',(7.89925730214594,10.5681177687602,-26.4570471296211));
#664=CARTESIAN_POINT('Ctrl Pts',(5.5321034542326,10.9270241500791,-34.6471686639961));
#665=CARTESIAN_POINT('Ctrl Pts',(3.14950420011636,11.151255518145,-38.9538673978441));
#666=CARTESIAN_POINT('Ctrl Pts',(1.26427302819969,11.310508710982,-41.4149097641919));
#667=CARTESIAN_POINT('Ctrl Pts',(3.03971805635506,13.5730331848457,-8.66311917079417));
#668=CARTESIAN_POINT('Ctrl Pts',(4.03630991471347,13.659087375476,-12.0037000457686));
#669=CARTESIAN_POINT('Ctrl Pts',(4.84543826218349,13.8258190969612,-19.0818927829952));
#670=CARTESIAN_POINT('Ctrl Pts',(2.73475971905866,14.0282769243312,-27.6457182096481));
#671=CARTESIAN_POINT('Ctrl Pts',(-1.42096093111888,14.232131983997,-35.1147189976701));
#672=CARTESIAN_POINT('Ctrl Pts',(-4.96762925900714,14.3572163563846,-38.7132674899645));
#673=CARTESIAN_POINT('Ctrl Pts',(-7.60352178785995,14.4432705470149,-40.5791204136753));
#674=CARTESIAN_POINT('Ctrl Pts',(0.810512074706514,15.4324733354805,-9.));
#675=CARTESIAN_POINT('Ctrl Pts',(1.68378568310821,15.4550295410362,-12.3119149352352));
#676=CARTESIAN_POINT('Ctrl Pts',(2.11527179839783,15.5000502020948,-19.2918321201888));
#677=CARTESIAN_POINT('Ctrl Pts',(-0.735320031339371,15.5565036428876,-27.517454122217));
#678=CARTESIAN_POINT('Ctrl Pts',(-5.76498247825721,15.6130420781642,-34.4132635403403));
#679=CARTESIAN_POINT('Ctrl Pts',(-9.89299756421169,15.6467575146156,-37.5109732774042));
#680=CARTESIAN_POINT('Ctrl Pts',(-12.9163111127385,15.6693137201713,-38.9574908593758));
#681=CARTESIAN_POINT('Ctrl Pts',(-1.44731038470897E-15,16.,-9.));
#682=CARTESIAN_POINT('Ctrl Pts',(0.841467453642477,16.,-12.295679352104));
#683=CARTESIAN_POINT('Ctrl Pts',(1.16082566464714,16.0000000389255,-19.235076453323));
#684=CARTESIAN_POINT('Ctrl Pts',(-1.9185973313406,16.0000001292882,-27.3505447408727));
#685=CARTESIAN_POINT('Ctrl Pts',(-7.21816018904896,16.0000002092245,-34.0591255775596));
#686=CARTESIAN_POINT('Ctrl Pts',(-11.5244561088909,16.0000002384186,-36.986508164225));
#687=CARTESIAN_POINT('Ctrl Pts',(-14.6676100687493,16.0000002384186,-38.2865670290655));
#688=CARTESIAN_POINT('',(8.06572980926961,-1.,-3.99299419532006));
#689=CARTESIAN_POINT('',(-1.44731038470897E-15,16.,-9.));
#690=CARTESIAN_POINT('Ctrl Pts',(8.06572980926961,-1.,-3.99299419532006));
#691=CARTESIAN_POINT('Ctrl Pts',(7.84437266782553,0.862022463018276,-4.44012905375105));
#692=CARTESIAN_POINT('Ctrl Pts',(7.23226286854857,4.5292540279498,-5.49170731176978));
#693=CARTESIAN_POINT('Ctrl Pts',(5.54252294060378,9.75616950998974,-7.27330840902555));
#694=CARTESIAN_POINT('Ctrl Pts',(3.03971805635506,13.5730331848457,-8.66311917079417));
#695=CARTESIAN_POINT('Ctrl Pts',(0.810512074706514,15.4324733354805,-9.));
#696=CARTESIAN_POINT('Ctrl Pts',(-1.44731038470897E-15,16.,-9.));
#697=CARTESIAN_POINT('',(19.21620503288,-1.00000001490116,-36.2179163416991));
#698=CARTESIAN_POINT('Origin',(-30.77828157132,-1.00000001490116,-35.475414366975));
#699=CARTESIAN_POINT('',(-14.6676100687493,16.0000002384186,-38.2865670290655));
#700=CARTESIAN_POINT('Ctrl Pts',(19.21620503288,-1.00000001490116,-36.2179163416991));
#701=CARTESIAN_POINT('Ctrl Pts',(16.7484891171111,1.60502215754757,-37.5272168147835));
#702=CARTESIAN_POINT('Ctrl Pts',(13.9563500801473,3.87091407094732,-38.6816844593455));
#703=CARTESIAN_POINT('Ctrl Pts',(10.9102908925015,5.86614381541968,-39.5220445583405));
#704=CARTESIAN_POINT('Ctrl Pts',(7.86423170485564,7.86137355989205,-40.3624046573356));
#705=CARTESIAN_POINT('Ctrl Pts',(4.56425236652767,9.58594113543703,-40.8886572107637));
#706=CARTESIAN_POINT('Ctrl Pts',(1.14070373415175,11.0747772904161,-40.9846256173745));
#707=CARTESIAN_POINT('Ctrl Pts',(-2.28284489822417,12.5636134453952,-41.0805940239852));
#708=CARTESIAN_POINT('Ctrl Pts',(-5.82996282464802,13.8167181798083,-40.7462782837786));
#709=CARTESIAN_POINT('Ctrl Pts',(-9.37357516673534,14.7793278349044,-39.9141154573544));
#710=CARTESIAN_POINT('Ctrl Pts',(-11.145381337779,15.2606326624525,-39.4980340441423));
#711=CARTESIAN_POINT('Ctrl Pts',(-12.9163111127385,15.6693137201713,-38.9574908593758));
#712=CARTESIAN_POINT('Ctrl Pts',(-14.6676100687493,16.0000002384186,-38.2865670290655));
#713=CARTESIAN_POINT('Origin',(-24.222912100173,16.0000002384186,-15.1847012367042));
#714=CARTESIAN_POINT('Origin',(4.70417608994978E-15,8.,-6.2722347865997E-16));
#715=CARTESIAN_POINT('',(-1.05,8.,-1.28587913910472E-16));
#716=CARTESIAN_POINT('Origin',(0.,8.,0.));
#717=CARTESIAN_POINT('Origin',(4.70417608994978E-15,8.,-6.2722347865997E-16));
#718=CARTESIAN_POINT('',(5.62266118931029E-15,8.,7.5));
#719=CARTESIAN_POINT('Origin',(4.70417608994978E-15,8.,-6.2722347865997E-16));
#720=CARTESIAN_POINT('',(-2.5,8.,0.));
#721=CARTESIAN_POINT('Origin',(0.,8.,0.));
#722=CARTESIAN_POINT('Origin',(0.,13.,0.));
#723=CARTESIAN_POINT('',(-1.05,0.,-1.28587913910472E-16));
#724=CARTESIAN_POINT('Origin',(0.,0.,0.));
#725=CARTESIAN_POINT('',(-1.05,13.,-1.28587913910472E-16));
#726=CARTESIAN_POINT('Origin',(0.,13.,0.));
#727=CARTESIAN_POINT('',(-2.5,0.,-3.06161699786838E-16));
#728=CARTESIAN_POINT('Origin',(0.,0.,0.));
#729=CARTESIAN_POINT('',(-2.5,13.,-3.06161699786838E-16));
#730=CARTESIAN_POINT('Origin',(0.,0.,0.));
#731=CARTESIAN_POINT('Origin',(4.70417608994978E-15,6.5,-6.2722347865997E-16));
#732=CARTESIAN_POINT('',(5.62266118931029E-15,0.,7.5));
#733=CARTESIAN_POINT('Origin',(4.70417608994978E-15,0.,-6.2722347865997E-16));
#734=CARTESIAN_POINT('',(5.62266118931029E-15,6.5,7.5));
#735=CARTESIAN_POINT('Origin',(0.,0.,0.));
#736=CARTESIAN_POINT('',(9.12516525338111,0.,-4.09039840339375));
#737=CARTESIAN_POINT('',(3.02384996644939,15.,-9.53185875789208));
#738=CARTESIAN_POINT('Ctrl Pts',(9.12516525338111,3.46944695195361E-16,
-4.09039840339375));
#739=CARTESIAN_POINT('Ctrl Pts',(8.60077343007867,4.10040868913294,-5.26025071929196));
#740=CARTESIAN_POINT('Ctrl Pts',(7.66577859715807,7.88223174627818,-6.74430064134611));
#741=CARTESIAN_POINT('Ctrl Pts',(5.1167896779026,12.6517350130871,-8.66584051349305));
#742=CARTESIAN_POINT('Ctrl Pts',(4.09788011836494,13.9475602939073,-9.19113759097944));
#743=CARTESIAN_POINT('Ctrl Pts',(3.02384996644939,15.,-9.53185875789208));
#744=CARTESIAN_POINT('',(9.48118276111451,15.,-3.17917810925168));
#745=CARTESIAN_POINT('Origin',(0.,15.,0.));
#746=CARTESIAN_POINT('',(8.20579730040706,0.,5.7153206965692));
#747=CARTESIAN_POINT('Ctrl Pts',(9.48118276111451,15.,-3.17917810925169));
#748=CARTESIAN_POINT('Ctrl Pts',(9.82518784688193,14.2353068715932,-2.1532604107678));
#749=CARTESIAN_POINT('Ctrl Pts',(10.0014300179216,13.2902467290595,-1.06729251083508));
#750=CARTESIAN_POINT('Ctrl Pts',(9.9987306563103,10.8999615017152,0.95994074434252));
#751=CARTESIAN_POINT('Ctrl Pts',(9.86789549444758,9.67447823852828,1.77456491413734));
#752=CARTESIAN_POINT('Ctrl Pts',(9.3413392643788,5.93466059556897,3.83481352727135));
#753=CARTESIAN_POINT('Ctrl Pts',(8.76273240909624,3.03858386097628,4.91569861864679));
#754=CARTESIAN_POINT('Ctrl Pts',(8.20579730040706,-5.34294830600857E-15,
5.7153206965692));
#755=CARTESIAN_POINT('Origin',(0.,0.,0.));
#756=CARTESIAN_POINT('Origin',(0.,0.,0.));
#757=CARTESIAN_POINT('',(-1.07036891601639,0.,-9.94255049691104));
#758=CARTESIAN_POINT('',(-8.13091535602532,15.,-5.82135855906091));
#759=CARTESIAN_POINT('Ctrl Pts',(-1.07036891601638,-4.85722573273506E-16,
-9.94255049691104));
#760=CARTESIAN_POINT('Ctrl Pts',(-2.34501056926607,4.10040868913293,-9.8053284827888));
#761=CARTESIAN_POINT('Ctrl Pts',(-4.04535521116821,7.88223174627818,-9.37469220065291));
#762=CARTESIAN_POINT('Ctrl Pts',(-6.66052912241789,12.6517350130871,-7.54424815489332));
#763=CARTESIAN_POINT('Ctrl Pts',(-7.47497670058035,13.9475602939073,-6.7375333028184));
#764=CARTESIAN_POINT('Ctrl Pts',(-8.13091535602531,15.,-5.82135855906091));
#765=CARTESIAN_POINT('',(-0.0937314573075522,15.,-9.99956071104681));
#766=CARTESIAN_POINT('Origin',(0.,15.,0.));
#767=CARTESIAN_POINT('',(7.97132380941054,0.,-6.03804577040657));
#768=CARTESIAN_POINT('Ctrl Pts',(-0.0937314573075562,15.,-9.99956071104681));
#769=CARTESIAN_POINT('Ctrl Pts',(0.988277672671617,14.2353068715932,-10.009702985843));
#770=CARTESIAN_POINT('Ctrl Pts',(2.07555634636679,13.2902467290595,-9.84173671463145));
#771=CARTESIAN_POINT('Ctrl Pts',(4.00273559514183,10.8999615017152,-9.21271994176926));
#772=CARTESIAN_POINT('Ctrl Pts',(4.73705893167934,9.67447823852828,-8.836555596024));
#773=CARTESIAN_POINT('Ctrl Pts',(6.53375697680324,5.93466059556897,-7.69911902812545));
#774=CARTESIAN_POINT('Ctrl Pts',(7.38294043497797,3.03858386097627,-6.81481934583441));
#775=CARTESIAN_POINT('Ctrl Pts',(7.97132380941054,-7.14706072102445E-15,
-6.03804577040657));
#776=CARTESIAN_POINT('Origin',(0.,0.,0.));
#777=CARTESIAN_POINT('Origin',(0.,0.,0.));
#778=CARTESIAN_POINT('',(-9.53911198754563,15.,-3.00089028274331));
#779=CARTESIAN_POINT('',(-3.27924825086006,0.,-9.447038208308));
#780=CARTESIAN_POINT('Ctrl Pts',(-9.53911198754563,15.,-3.00089028274331));
#781=CARTESIAN_POINT('Ctrl Pts',(-9.21439865484823,14.2353068715932,-4.03307625177451));
#782=CARTESIAN_POINT('Ctrl Pts',(-8.71866565030138,13.2902467290595,-5.01523528713488));
#783=CARTESIAN_POINT('Ctrl Pts',(-7.52490401053362,10.8999615017152,-6.65371479718987));
#784=CARTESIAN_POINT('Ctrl Pts',(-6.94023206795848,9.67447823852828,-7.23585661595826));
#785=CARTESIAN_POINT('Ctrl Pts',(-5.30325537848264,5.93466059556897,-8.59313077008394));
#786=CARTESIAN_POINT('Ctrl Pts',(-4.19982428336392,3.03858386097628,-9.12748860156277));
#787=CARTESIAN_POINT('Ctrl Pts',(-3.27924825086005,-5.58580959264532E-15,
-9.447038208308));
#788=CARTESIAN_POINT('',(-9.78668962398061,0.,-2.05443573855943));
#789=CARTESIAN_POINT('Origin',(0.,0.,0.));
#790=CARTESIAN_POINT('',(-8.04903201612149,15.,5.93406130769233));
#791=CARTESIAN_POINT('Ctrl Pts',(-9.78668962398061,-2.98372437868011E-15,
-2.05443573855943));
#792=CARTESIAN_POINT('Ctrl Pts',(-10.0500696658628,4.10040868913293,-0.799775553928959));
#793=CARTESIAN_POINT('Ctrl Pts',(-10.1659456142265,7.88223174627818,0.950422227274057));
#794=CARTESIAN_POINT('Ctrl Pts',(-9.23322305861537,12.6517350130871,4.0032387342053));
#795=CARTESIAN_POINT('Ctrl Pts',(-8.71766978443714,13.9475602939073,5.02711300950333));
#796=CARTESIAN_POINT('Ctrl Pts',(-8.04903201612149,15.,5.93406130769233));
#797=CARTESIAN_POINT('Origin',(0.,15.,0.));
#798=CARTESIAN_POINT('Origin',(0.,0.,0.));
#799=CARTESIAN_POINT('',(-4.97813790894956,0.,8.67283938277882));
#800=CARTESIAN_POINT('',(3.15633999352614,15.,9.48881013854042));
#801=CARTESIAN_POINT('Ctrl Pts',(-4.97813790894957,3.81639164714898E-16,
8.67283938277882));
#802=CARTESIAN_POINT('Ctrl Pts',(-3.86627407354147,4.10040868913293,9.31104000708943));
#803=CARTESIAN_POINT('Ctrl Pts',(-2.23754470620672,7.88223174627818,9.96208544077166));
#804=CARTESIAN_POINT('Ctrl Pts',(0.95408344648433,12.6517350130871,10.0183857577123));
#805=CARTESIAN_POINT('Ctrl Pts',(2.08716047110022,13.9475602939073,9.84446000797823));
#806=CARTESIAN_POINT('Ctrl Pts',(3.15633999352614,15.,9.48881013854042));
#807=CARTESIAN_POINT('',(-5.80176397348721,15.,8.14490851980216));
#808=CARTESIAN_POINT('Origin',(0.,15.,0.));
#809=CARTESIAN_POINT('',(-9.9980106859907,0.,0.199455064653311));
#810=CARTESIAN_POINT('Ctrl Pts',(-5.80176397348721,15.,8.14490851980216));
#811=CARTESIAN_POINT('Ctrl Pts',(-6.68308922725914,14.2353068715932,7.51712478302637));
#812=CARTESIAN_POINT('Ctrl Pts',(-7.46398805479925,13.2902467290595,6.74215084560426));
#813=CARTESIAN_POINT('Ctrl Pts',(-8.653382035732,10.8999615017152,5.1004980456578));
#814=CARTESIAN_POINT('Ctrl Pts',(-9.02635823948965,9.67447823852828,4.364550269641));
#815=CARTESIAN_POINT('Ctrl Pts',(-9.8113490517262,5.93466059556897,2.38827214244102));
#816=CARTESIAN_POINT('Ctrl Pts',(-9.97857458887405,3.03858386097628,1.17372115814136));
#817=CARTESIAN_POINT('Ctrl Pts',(-9.9980106859907,-5.41233724504764E-15,
0.199455064653314));
#818=CARTESIAN_POINT('Origin',(0.,0.,0.));
#819=CARTESIAN_POINT('Origin',(0.,0.,0.));
#820=CARTESIAN_POINT('',(5.95342465722589,15.,8.03472058323964));
#821=CARTESIAN_POINT('',(-2.89986217296685,0.,9.57030821749206));
#822=CARTESIAN_POINT('Ctrl Pts',(5.95342465722589,15.,8.03472058323964));
#823=CARTESIAN_POINT('Ctrl Pts',(5.08402236255381,14.2353068715932,8.67891486535898));
#824=CARTESIAN_POINT('Ctrl Pts',(4.10566734081223,13.2902467290595,9.18211366699716));
#825=CARTESIAN_POINT('Ctrl Pts',(2.17681979481348,10.8999615017152,9.80599594895881));
#826=CARTESIAN_POINT('Ctrl Pts',(1.36163588132121,9.67447823852828,9.93329702820392));
#827=CARTESIAN_POINT('Ctrl Pts',(-0.7604918109732,5.93466059556897,10.069164128497));
#828=CARTESIAN_POINT('Ctrl Pts',(-1.96727397183625,3.03858386097628,9.85288817060902));
#829=CARTESIAN_POINT('Ctrl Pts',(-2.89986217296685,-5.86336534880161E-15,
9.57030821749206));
#830=CARTESIAN_POINT('',(6.71003119556546,0.,7.4145452560854));
#831=CARTESIAN_POINT('Origin',(0.,0.,0.));
#832=CARTESIAN_POINT('',(9.99975741217127,15.,-0.069654129279752));
#833=CARTESIAN_POINT('Ctrl Pts',(6.71003119556545,-1.66533453693773E-15,
7.41454525608539));
#834=CARTESIAN_POINT('Ctrl Pts',(7.66058087859171,4.10040868913293,6.55431474892028));
#835=CARTESIAN_POINT('Ctrl Pts',(8.78306693444339,7.88223174627818,5.2064851739533));
#836=CARTESIAN_POINT('Ctrl Pts',(9.82287905664632,12.6517350130871,2.18846417646878));
#837=CARTESIAN_POINT('Ctrl Pts',(10.0076058955523,13.9475602939073,1.05709787631627));
#838=CARTESIAN_POINT('Ctrl Pts',(9.99975741217127,15.,-0.0696541292797551));
#839=CARTESIAN_POINT('Origin',(0.,15.,0.));
#840=CARTESIAN_POINT('Origin',(0.,0.,0.));
#841=CARTESIAN_POINT('',(35.9803084318783,15.,-17.4761953853493));
#842=CARTESIAN_POINT('',(39.2067173117887,0.,7.92674697675466));
#843=CARTESIAN_POINT('Ctrl Pts',(35.9803084318783,15.,-17.4761953853493));
#844=CARTESIAN_POINT('Ctrl Pts',(37.5471779925775,13.8516540514375,-14.2502958789991));
#845=CARTESIAN_POINT('Ctrl Pts',(38.6306410709666,12.4109623454341,-10.9082162834217));
#846=CARTESIAN_POINT('Ctrl Pts',(39.912769133841,9.03445662671369,-4.28826177552575));
#847=CARTESIAN_POINT('Ctrl Pts',(40.1043174114125,7.10741265847222,-1.03082163283687));
#848=CARTESIAN_POINT('Ctrl Pts',(39.8420408379096,3.38428055147483,4.11978353703534));
#849=CARTESIAN_POINT('Ctrl Pts',(39.5803354941962,1.76766483449716,6.0787830511806));
#850=CARTESIAN_POINT('Ctrl Pts',(39.2067173117887,0.,7.92674697675465));
#851=CARTESIAN_POINT('',(39.7107979016661,0.,4.80130503228373));
#852=CARTESIAN_POINT('Origin',(0.,0.,0.));
#853=CARTESIAN_POINT('',(31.6160885013127,15.,-24.5035292943111));
#854=CARTESIAN_POINT('Ctrl Pts',(39.7107979016661,4.16333634234434E-16,
4.80130503228373));
#855=CARTESIAN_POINT('Ctrl Pts',(39.9270501849937,1.57290324911863,3.01271824988686));
#856=CARTESIAN_POINT('Ctrl Pts',(40.0327317163605,3.01158464247157,1.13066283437755));
#857=CARTESIAN_POINT('Ctrl Pts',(39.9499061425199,5.67553087864809,-2.7974053238654));
#858=CARTESIAN_POINT('Ctrl Pts',(39.7633374033592,6.88726871168227,-4.81757429370791));
#859=CARTESIAN_POINT('Ctrl Pts',(38.6943026999913,10.2183516040931,-10.9512740544225));
#860=CARTESIAN_POINT('Ctrl Pts',(37.2985880063719,12.0523882615106,-15.1372275991671));
#861=CARTESIAN_POINT('Ctrl Pts',(34.1302462331815,14.0568131515048,-20.9679583262399));
#862=CARTESIAN_POINT('Ctrl Pts',(32.9549711648213,14.5865086097849,-22.7760135444804));
#863=CARTESIAN_POINT('Ctrl Pts',(31.6160885013127,15.,-24.5035292943111));
#864=CARTESIAN_POINT('Origin',(0.,15.,0.));
#865=CARTESIAN_POINT('Ctrl Pts',(6.58869572679369,-0.512111311514666,7.51769828625461));
#866=CARTESIAN_POINT('Ctrl Pts',(11.0794904006202,-0.393047969166258,9.11368951245628));
#867=CARTESIAN_POINT('Ctrl Pts',(18.9333907296201,-0.227870717914169,10.6810802787981));
#868=CARTESIAN_POINT('Ctrl Pts',(30.0373835497215,-0.0846119413169072,10.2842314087815));
#869=CARTESIAN_POINT('Ctrl Pts',(36.2142101616862,-0.0260096888196069,8.89778292619293));
#870=CARTESIAN_POINT('Ctrl Pts',(39.2067173117887,1.38777878078145E-16,
7.92674697675465));
#871=CARTESIAN_POINT('Ctrl Pts',(7.3323225617935,2.73982195321383,6.87432892424503));
#872=CARTESIAN_POINT('Ctrl Pts',(12.1491062478782,3.01662545013829,8.08787590246194));
#873=CARTESIAN_POINT('Ctrl Pts',(20.4090798862506,3.45843327563334,8.76497986955759));
#874=CARTESIAN_POINT('Ctrl Pts',(31.5493191326289,4.0022285284922,6.89563978079541));
#875=CARTESIAN_POINT('Ctrl Pts',(37.4237780440725,4.28624891272545,4.65894672576525));
#876=CARTESIAN_POINT('Ctrl Pts',(40.1722806108119,4.42522172428191,3.29094785351025));
#877=CARTESIAN_POINT('Ctrl Pts',(8.41431333853648,6.70713628037459,5.67432342712343));
#878=CARTESIAN_POINT('Ctrl Pts',(13.4482633368504,7.0380813480546,6.33603499604723));
#879=CARTESIAN_POINT('Ctrl Pts',(22.0581255117268,7.5681327854806,5.83022325474638));
#880=CARTESIAN_POINT('Ctrl Pts',(32.9276459077724,8.22683383881629,1.87902571511734));
#881=CARTESIAN_POINT('Ctrl Pts',(38.1787032996355,8.58582827577766,-1.54748727589201));
#882=CARTESIAN_POINT('Ctrl Pts',(40.4841325497825,8.76540265166614,-3.46550326485973));
#883=CARTESIAN_POINT('Ctrl Pts',(9.48429977847013,11.810852338576,2.82333702048038));
#884=CARTESIAN_POINT('Ctrl Pts',(14.5578020548633,12.0611394776923,2.83427489842998));
#885=CARTESIAN_POINT('Ctrl Pts',(23.0506689970365,12.4581109012513,0.864914459273848));
#886=CARTESIAN_POINT('Ctrl Pts',(32.6596868029055,12.9535089598685,-5.67393447113858));
#887=CARTESIAN_POINT('Ctrl Pts',(36.6057336300962,13.2217072365525,-10.5863564903459));
#888=CARTESIAN_POINT('Ctrl Pts',(38.1212285743481,13.3577169759141,-13.180023236945));
#889=CARTESIAN_POINT('Ctrl Pts',(9.72627512289557,13.8061467905658,1.20829283250802));
#890=CARTESIAN_POINT('Ctrl Pts',(14.7530622825349,13.9899301640122,0.989974193012489));
#891=CARTESIAN_POINT('Ctrl Pts',(23.0505743781599,14.2829444949194,-1.50458529702883));
#892=CARTESIAN_POINT('Ctrl Pts',(31.9298249507402,14.6427664009424,-8.98693135534182));
#893=CARTESIAN_POINT('Ctrl Pts',(35.22656653728,14.8342282292023,-14.4457892158514));
#894=CARTESIAN_POINT('Ctrl Pts',(36.3664296397895,14.9297555241975,-17.2911842140069));
#895=CARTESIAN_POINT('Ctrl Pts',(9.64682481938013,14.9906072324362,-0.0436438548048247));
#896=CARTESIAN_POINT('Ctrl Pts',(14.6209479174783,15.1230779298446,-0.379374629488071));
#897=CARTESIAN_POINT('Ctrl Pts',(22.7502087384963,15.3323613910958,-3.16787644081608));
#898=CARTESIAN_POINT('Ctrl Pts',(31.1030494875106,15.5788954532557,-11.1714258864749));
#899=CARTESIAN_POINT('Ctrl Pts',(33.9560976862453,15.7068168397818,-16.9354605235637));
#900=CARTESIAN_POINT('Ctrl Pts',(34.8352863219273,15.7697671346227,-19.921157250712));
#901=CARTESIAN_POINT('Ctrl Pts',(9.99975741217127,15.,-0.0696541292797533));
#902=CARTESIAN_POINT('Ctrl Pts',(13.5566928626501,15.,-0.252556271700501));
#903=CARTESIAN_POINT('Ctrl Pts',(17.0588509699303,14.9999999999722,-1.07166846278288));
#904=CARTESIAN_POINT('Ctrl Pts',(23.8301357835223,14.9999999999722,-3.96862198925482));
#905=CARTESIAN_POINT('Ctrl Pts',(27.017009934614,14.9999999999998,-6.10058728663622));
#906=CARTESIAN_POINT('Ctrl Pts',(32.3127736376645,14.9999999999998,-11.2734366076124));
#907=CARTESIAN_POINT('Ctrl Pts',(34.4320389075426,15.,-14.2286296588538));
#908=CARTESIAN_POINT('Ctrl Pts',(35.9803084318783,15.,-17.4761953853493));
#909=CARTESIAN_POINT('Ctrl Pts',(39.2067173117887,-4.4191671775442E-16,
7.92674697675465));
#910=CARTESIAN_POINT('Ctrl Pts',(34.097983402599,-4.4191671775442E-16,9.54102081207458));
#911=CARTESIAN_POINT('Ctrl Pts',(28.7643095339064,-2.57537846917266E-11,
10.3380309367235));
#912=CARTESIAN_POINT('Ctrl Pts',(17.7162917488798,-2.57537629116384E-11,
10.2563645262573));
#913=CARTESIAN_POINT('Ctrl Pts',(12.0716299600523,5.07053588106397E-16,
9.27570039715625));
#914=CARTESIAN_POINT('Ctrl Pts',(6.71003119556546,5.07053588106397E-16,
7.4145452560854));
#915=CARTESIAN_POINT('Ctrl Pts',(7.67869205402628,-0.00511048152675261,
5.54904035730936));
#916=CARTESIAN_POINT('Ctrl Pts',(9.16921556866859,-0.0194141369370798,6.03784497822582));
#917=CARTESIAN_POINT('Ctrl Pts',(13.7084302581111,-0.0580215612302714,7.2851996100327));
#918=CARTESIAN_POINT('Ctrl Pts',(21.50838575257,-0.0861447394439846,8.23781529287112));
#919=CARTESIAN_POINT('Ctrl Pts',(30.8694676715726,-0.0630996847048237,7.54447181527357));
#920=CARTESIAN_POINT('Ctrl Pts',(36.8491097419427,-0.0232966303761729,5.89749197918748));
#921=CARTESIAN_POINT('Ctrl Pts',(39.7107979016664,-1.04305453163533E-12,
4.80130503228473));
#922=CARTESIAN_POINT('Ctrl Pts',(8.17743638955691,2.54761355080382,4.9284868827516));
#923=CARTESIAN_POINT('Ctrl Pts',(9.74393160716417,2.57406625125491,5.31283356227288));
#924=CARTESIAN_POINT('Ctrl Pts',(14.4956334740982,2.65407457731393,6.20903490821054));
#925=CARTESIAN_POINT('Ctrl Pts',(22.5395082500189,2.81319045655628,6.4257703847668));
#926=CARTESIAN_POINT('Ctrl Pts',(31.8936070768985,3.05700000255459,4.71701842387194));
#927=CARTESIAN_POINT('Ctrl Pts',(37.5953187167178,3.24521141886921,2.38699916053799));
#928=CARTESIAN_POINT('Ctrl Pts',(40.2370634164359,3.34461870535459,0.973199066282104));
#929=CARTESIAN_POINT('Ctrl Pts',(9.10689565699606,6.69891932146441,3.55427785129578));
#930=CARTESIAN_POINT('Ctrl Pts',(10.7422765450687,6.7529787230448,3.74722997775171));
#931=CARTESIAN_POINT('Ctrl Pts',(15.7012798747905,6.90781942939591,4.01805070273177));
#932=CARTESIAN_POINT('Ctrl Pts',(23.9626366516596,7.15789006343968,2.92783594189842));
#933=CARTESIAN_POINT('Ctrl Pts',(33.0432080407952,7.49941410944084,-0.628703438837565));
#934=CARTESIAN_POINT('Ctrl Pts',(38.0603444710532,7.77009850796687,-4.20103293200191));
#935=CARTESIAN_POINT('Ctrl Pts',(40.219552723074,7.91833133797905,-6.18734257089593));
#936=CARTESIAN_POINT('Ctrl Pts',(10.0164221641158,11.79645178444,0.497847749150076));
#937=CARTESIAN_POINT('Ctrl Pts',(11.6482559415681,11.8321521760662,0.46663283581151));
#938=CARTESIAN_POINT('Ctrl Pts',(16.558759516177,11.9350663206394,-0.013061650072427));
#939=CARTESIAN_POINT('Ctrl Pts',(24.4323079714247,12.0984749754936,-2.73885942969789));
#940=CARTESIAN_POINT('Ctrl Pts',(32.2396568833549,12.324159754392,-8.68134308713609));
#941=CARTESIAN_POINT('Ctrl Pts',(35.7641642860577,12.5062392885194,-13.869413872862));
#942=CARTESIAN_POINT('Ctrl Pts',(37.0314913612911,12.605976511494,-16.5845059650921));
#943=CARTESIAN_POINT('Ctrl Pts',(9.89944854231194,14.1272757078148,-1.98133495535637));
#944=CARTESIAN_POINT('Ctrl Pts',(11.4985939070201,14.1330420249936,-2.0951440044174));
#945=CARTESIAN_POINT('Ctrl Pts',(16.2751154802762,14.151059935291,-2.86378198686011));
#946=CARTESIAN_POINT('Ctrl Pts',(23.7040174062631,14.1946994287995,-6.27872858542142));
#947=CARTESIAN_POINT('Ctrl Pts',(30.5124184065635,14.2763396873672,-13.2694741813951));
#948=CARTESIAN_POINT('Ctrl Pts',(33.0299609638899,14.3439982576157,-19.1757660903013));
#949=CARTESIAN_POINT('Ctrl Pts',(33.7144431303754,14.3801686985647,-22.221963742587));
#950=CARTESIAN_POINT('Ctrl Pts',(9.42256874228472,15.128764204175,-3.35387872623294));
#951=CARTESIAN_POINT('Ctrl Pts',(11.0002642487916,15.1156061541413,-3.49073975253245));
#952=CARTESIAN_POINT('Ctrl Pts',(15.7004437766747,15.0779353355194,-4.35611520555137));
#953=CARTESIAN_POINT('Ctrl Pts',(22.9179019199165,15.0336859110848,-8.05384718856553));
#954=CARTESIAN_POINT('Ctrl Pts',(29.2563430342051,15.0083620881797,-15.4875748288575));
#955=CARTESIAN_POINT('Ctrl Pts',(31.2794426290937,15.0016908717535,-21.6902481815458));
#956=CARTESIAN_POINT('Ctrl Pts',(31.6629426357047,14.9997728226397,-24.8688722657927));
#957=CARTESIAN_POINT('Ctrl Pts',(8.20579730040705,5.55177292687898E-16,
5.7153206965692));
#958=CARTESIAN_POINT('Ctrl Pts',(13.322204128755,5.55177292687898E-16,7.31176641191474));
#959=CARTESIAN_POINT('Ctrl Pts',(18.680326608541,-5.82948689320517E-10,
8.03226773353112));
#960=CARTESIAN_POINT('Ctrl Pts',(29.391153574188,-5.82948689320517E-10,
7.71279887140916));
#961=CARTESIAN_POINT('Ctrl Pts',(34.6996593720715,-2.86733417691675E-16,
6.67656180607354));
#962=CARTESIAN_POINT('Ctrl Pts',(39.7107979016661,-2.86733417691675E-16,
4.80130503228373));
#963=CARTESIAN_POINT('Ctrl Pts',(31.6160885013127,15.,-24.5035292943111));
#964=CARTESIAN_POINT('Ctrl Pts',(31.3151440117441,15.,-22.2480541222872));
#965=CARTESIAN_POINT('Ctrl Pts',(30.7046889097361,15.,-20.0427827712934));
#966=CARTESIAN_POINT('Ctrl Pts',(28.7425794795443,15.,-15.5050476222933));
#967=CARTESIAN_POINT('Ctrl Pts',(27.296728813093,15.,-13.2460205859342));
#968=CARTESIAN_POINT('Ctrl Pts',(23.3712942343101,15.,-8.86813853021261));
#969=CARTESIAN_POINT('Ctrl Pts',(20.7776831508231,14.9999999999498,-6.91701898441015));
#970=CARTESIAN_POINT('Ctrl Pts',(15.2408520448668,14.9999999999498,-4.24476605917628));
#971=CARTESIAN_POINT('Ctrl Pts',(12.396028258493,15.,-3.45347663400967));
#972=CARTESIAN_POINT('Ctrl Pts',(9.48118276111451,15.,-3.17917810925169));
#973=CARTESIAN_POINT('Origin',(0.,0.,0.));
#974=CARTESIAN_POINT('',(-18.8364310705517,15.,35.2872337329572));
#975=CARTESIAN_POINT('',(-36.3781255704818,0.,16.6322572123646));
#976=CARTESIAN_POINT('Ctrl Pts',(-18.8364310705517,15.,35.2872337329572));
#977=CARTESIAN_POINT('Ctrl Pts',(-22.0001913283364,13.8516540514375,33.5984090302191));
#978=CARTESIAN_POINT('Ctrl Pts',(-24.8411564697989,12.4109623454341,31.5314534597237));
#979=CARTESIAN_POINT('Ctrl Pts',(-29.7695314922176,9.03445662671369,26.9294137277548));
#980=CARTESIAN_POINT('Ctrl Pts',(-31.8391725801143,7.10741265847222,24.4066785468189));
#981=CARTESIAN_POINT('Ctrl Pts',(-34.6544361341563,3.38428055147483,20.08558913115));
#982=CARTESIAN_POINT('Ctrl Pts',(-35.5941830872361,1.76766483449716,18.3468986907533));
#983=CARTESIAN_POINT('Ctrl Pts',(-36.3781255704818,2.77555756156289E-15,
16.6322572123646));
#984=CARTESIAN_POINT('',(-34.9488466523709,0.,19.4570839970707));
#985=CARTESIAN_POINT('Origin',(0.,0.,0.));
#986=CARTESIAN_POINT('',(-11.1751397449117,15.,38.4072421775073));
#987=CARTESIAN_POINT('Ctrl Pts',(-34.9488466523709,2.77555756156289E-15,
19.4570839970707));
#988=CARTESIAN_POINT('Ctrl Pts',(-34.0724934915172,1.57290324911863,21.0311910028588));
#989=CARTESIAN_POINT('Ctrl Pts',(-33.0517472291509,3.01158464247157,22.6159238639383));
#990=CARTESIAN_POINT('Ctrl Pts',(-30.6758793989302,5.67553087864809,25.7451141082037));
#991=CARTESIAN_POINT('Ctrl Pts',(-29.3375165907177,6.88726871168227,27.2698027828978));
#992=CARTESIAN_POINT('Ctrl Pts',(-24.8673510867786,10.2183516040931,31.603707294881));
#993=CARTESIAN_POINT('Ctrl Pts',(-21.2777524199594,12.0523882615106,34.169834336926));
#994=CARTESIAN_POINT('Ctrl Pts',(-15.2872925499984,14.0568131515048,37.0246900162485));
#995=CARTESIAN_POINT('Ctrl Pts',(-13.2737268540176,14.5865086097849,37.7966280620043));
#996=CARTESIAN_POINT('Ctrl Pts',(-11.1751397449117,15.,38.4072421775073));
#997=CARTESIAN_POINT('Origin',(0.,15.,0.));
#998=CARTESIAN_POINT('Ctrl Pts',(-9.74915899758655,-0.512111311514665,-2.20920749211164));
#999=CARTESIAN_POINT('Ctrl Pts',(-14.3203883125102,-0.393047969166258,-0.8607686366333));
#1000=CARTESIAN_POINT('Ctrl Pts',(-21.5956296460207,-0.227858472915087,
2.48758185208362));
#1001=CARTESIAN_POINT('Ctrl Pts',(-30.3456794657093,-0.0846078333631477,
9.3354079345999));
#1002=CARTESIAN_POINT('Ctrl Pts',(-34.527897040786,-0.0260096888196067,
14.08772105691));
#1003=CARTESIAN_POINT('Ctrl Pts',(-36.3781255704818,2.77555756156289E-16,
16.6322572123646));
#1004=CARTESIAN_POINT('Ctrl Pts',(-9.97260272180861,2.73982195321383,-1.2516178577639));
#1005=CARTESIAN_POINT('Ctrl Pts',(-14.5827675988391,3.01662545013829,0.597836427549835));
#1006=CARTESIAN_POINT('Ctrl Pts',(-21.6633091170608,3.45847139220215,4.90512733094391));
#1007=CARTESIAN_POINT('Ctrl Pts',(-29.5770765950765,4.00221780451156,12.965542817475));
#1008=CARTESIAN_POINT('Ctrl Pts',(-33.0149326079918,4.28624891272545,18.227977742341));
#1009=CARTESIAN_POINT('Ctrl Pts',(-34.4344283313029,4.42522172428191,20.9502413528985));
#1010=CARTESIAN_POINT('Ctrl Pts',(-10.1424534157679,6.70700954738804,0.355140019840333));
#1011=CARTESIAN_POINT('Ctrl Pts',(-14.6039488147223,7.03795461506805,2.77868568499311));
#1012=CARTESIAN_POINT('Ctrl Pts',(-21.272401933112,7.56806429032833,8.2486333709454));
#1013=CARTESIAN_POINT('Ctrl Pts',(-27.7435966899327,8.22678104340048,17.8341780023395));
#1014=CARTESIAN_POINT('Ctrl Pts',(-29.9778408738208,8.58580201501662,23.6928088756263));
#1015=CARTESIAN_POINT('Ctrl Pts',(-30.7155908045424,8.7653763909051,26.5996137196241));
#1016=CARTESIAN_POINT('Ctrl Pts',(-9.33245445769612,11.8108350172138,3.29052692217326));
#1017=CARTESIAN_POINT('Ctrl Pts',(-13.4434331436483,12.0611221563301,6.26380780856583));
#1018=CARTESIAN_POINT('Ctrl Pts',(-19.1568908547492,12.458099586673,12.849017898299));
#1019=CARTESIAN_POINT('Ctrl Pts',(-23.0872526761009,12.9534904212032,23.7871553014216));
#1020=CARTESIAN_POINT('Ctrl Pts',(-23.3921918397501,13.2216896785961,30.0808575570131));
#1021=CARTESIAN_POINT('Ctrl Pts',(-23.093733941527,13.3576994179577,33.069963610912));
#1022=CARTESIAN_POINT('Ctrl Pts',(-8.5789385737877,13.8061467905658,4.73943164129675));
#1023=CARTESIAN_POINT('Ctrl Pts',(-12.5173703364457,13.9899301640122,7.87072648968663));
#1024=CARTESIAN_POINT('Ctrl Pts',(-17.7640776377227,14.2829437374739,14.7659716611417));
#1025=CARTESIAN_POINT('Ctrl Pts',(-20.5494388426648,14.6427656724779,26.0384378283837));
#1026=CARTESIAN_POINT('Ctrl Pts',(-20.0078691233363,14.8342282292023,32.3925452722949));
#1027=CARTESIAN_POINT('Ctrl Pts',(-19.2575565276648,14.9297555241975,35.3645129027996));
#1028=CARTESIAN_POINT('Ctrl Pts',(-7.77879200642908,14.9906072324362,5.70556998051778));
#1029=CARTESIAN_POINT('Ctrl Pts',(-11.6056045268039,15.1230779298446,8.90089808292066));
#1030=CARTESIAN_POINT('Ctrl Pts',(-16.5434093268037,15.3323649631846,15.9350365816107));
#1031=CARTESIAN_POINT('Ctrl Pts',(-18.5965602844074,15.5788964485557,27.3197725753314));
#1032=CARTESIAN_POINT('Ctrl Pts',(-17.5166461542961,15.7068168397818,33.6599688165066));
#1033=CARTESIAN_POINT('Ctrl Pts',(-16.4729761977886,15.7697671346227,36.5922223228563));
#1034=CARTESIAN_POINT('Ctrl Pts',(-8.04903201612149,15.,5.93406130769233));
#1035=CARTESIAN_POINT('Ctrl Pts',(-10.819146061526,15.,8.17274645036605));
#1036=CARTESIAN_POINT('Ctrl Pts',(-13.1709894214124,14.9999999999722,10.8939390199072));
#1037=CARTESIAN_POINT('Ctrl Pts',(-16.9462873499245,14.9999999999722,17.2176850072388));
#1038=CARTESIAN_POINT('Ctrl Pts',(-18.2713849368918,14.9999999999998,20.8156787911618));
#1039=CARTESIAN_POINT('Ctrl Pts',(-19.5152232276527,14.9999999999998,28.1133736054513));
#1040=CARTESIAN_POINT('Ctrl Pts',(-19.4927259533758,15.,31.7498478768943));
#1041=CARTESIAN_POINT('Ctrl Pts',(-18.8364310705517,15.,35.2872337329573));
#1042=CARTESIAN_POINT('Ctrl Pts',(-36.3781255704818,1.43450624560265E-15,
16.6322572123646));
#1043=CARTESIAN_POINT('Ctrl Pts',(-33.1939193717705,1.43450624560265E-15,
12.3234437963078));
#1044=CARTESIAN_POINT('Ctrl Pts',(-29.347357366741,-2.57537846917266E-11,
8.5435942202227));
#1045=CARTESIAN_POINT('Ctrl Pts',(-20.3613209128181,-2.57537629116384E-11,
2.11580181305587));
#1046=CARTESIAN_POINT('Ctrl Pts',(-15.21827368562,5.67946766967782E-16,
-0.408673194379113));
#1047=CARTESIAN_POINT('Ctrl Pts',(-9.78668962398061,5.67946766967782E-16,
-2.05443573855943));
#1048=CARTESIAN_POINT('Ctrl Pts',(-9.47383645268133,-0.00511048152675254,
0.0241539947163469));
#1049=CARTESIAN_POINT('Ctrl Pts',(-10.9670074539695,-0.0194141369370797,
0.504810489567813));
#1050=CARTESIAN_POINT('Ctrl Pts',(-15.3724869596647,-0.0580213403195651,
2.16376292793398));
#1051=CARTESIAN_POINT('Ctrl Pts',(-22.2427174703249,-0.0861443049194801,
5.97777923737166));
#1052=CARTESIAN_POINT('Ctrl Pts',(-29.4084577762335,-0.0630992192167091,
12.0410101079956));
#1053=CARTESIAN_POINT('Ctrl Pts',(-33.2780148196987,-0.0232966303761729,
16.8881920310682));
#1054=CARTESIAN_POINT('Ctrl Pts',(-34.9488466523717,-1.04305453163533E-12,
19.4570839970701));
#1055=CARTESIAN_POINT('Ctrl Pts',(-9.51257691536994,2.54761355080382,0.819346866641307));
#1056=CARTESIAN_POINT('Ctrl Pts',(-11.0058114780115,2.57406625125491,1.42916665787325));
#1057=CARTESIAN_POINT('Ctrl Pts',(-15.3768145359759,2.65408028833093,3.497092753084));
#1058=CARTESIAN_POINT('Ctrl Pts',(-22.0118321605251,2.81319540693486,8.04982154046979));
#1059=CARTESIAN_POINT('Ctrl Pts',(-28.5750404188693,3.05700099906773,14.9304428931303));
#1060=CARTESIAN_POINT('Ctrl Pts',(-31.818294654566,3.24521141886921,20.1668510104879));
#1061=CARTESIAN_POINT('Ctrl Pts',(-33.1245001663445,3.34461870535459,22.8634178882059));
#1062=CARTESIAN_POINT('Ctrl Pts',(-9.45678061706489,6.69877824699029,2.47736753555385));
#1063=CARTESIAN_POINT('Ctrl Pts',(-10.8932459621209,6.75283764857068,3.28251875404026));
#1064=CARTESIAN_POINT('Ctrl Pts',(-15.0643966527088,6.90768699603994,5.97826114578487));
#1065=CARTESIAN_POINT('Ctrl Pts',(-21.1072518860719,7.15777463102393,11.7161648626104));
#1066=CARTESIAN_POINT('Ctrl Pts',(-26.3632156874512,7.49931531645404,19.9308823659568));
#1067=CARTESIAN_POINT('Ctrl Pts',(-28.3224718708229,7.77002487866571,25.7699489795437));
#1068=CARTESIAN_POINT('Ctrl Pts',(-28.901784528874,7.91825770867789,28.6460580006658));
#1069=CARTESIAN_POINT('Ctrl Pts',(-8.39616534613385,11.7964684941112,5.48449148475563));
#1070=CARTESIAN_POINT('Ctrl Pts',(-9.69799893837579,11.8321688857373,6.46891270870362));
#1071=CARTESIAN_POINT('Ctrl Pts',(-13.3887264575169,11.9350908903422,9.74334787271589));
#1072=CARTESIAN_POINT('Ctrl Pts',(-18.1563698682318,12.0985082250608,16.5765756272891));
#1073=CARTESIAN_POINT('Ctrl Pts',(-20.9797487450419,12.3242001909578,25.9732588503296));
#1074=CARTESIAN_POINT('Ctrl Pts',(-20.7816449531206,12.5062823502396,32.2421972559808));
#1075=CARTESIAN_POINT('Ctrl Pts',(-20.2110430039871,12.6060195732142,35.1836690645412));
#1076=CARTESIAN_POINT('Ctrl Pts',(-6.84422263906062,14.1272757078148,7.42168350943161));
#1077=CARTESIAN_POINT('Ctrl Pts',(-8.07106313496991,14.1330420249936,8.45371102588294));
#1078=CARTESIAN_POINT('Ctrl Pts',(-11.4835683436638,14.1510582063646,11.8831456884383));
#1079=CARTESIAN_POINT('Ctrl Pts',(-15.4864318303734,14.1946939906644,19.0124912084014));
#1080=CARTESIAN_POINT('Ctrl Pts',(-16.8855204419144,14.2763323289181,28.6699897829728));
#1081=CARTESIAN_POINT('Ctrl Pts',(-15.4505672340389,14.3439982576157,34.9280445855831));
#1082=CARTESIAN_POINT('Ctrl Pts',(-14.2138148834907,14.3801686985647,37.7947987774247));
#1083=CARTESIAN_POINT('Ctrl Pts',(-5.65165778991732,15.128764204175,8.25179183202204));
#1084=CARTESIAN_POINT('Ctrl Pts',(-6.84759537375795,15.1156061541413,9.28986087949882));
#1085=CARTESIAN_POINT('Ctrl Pts',(-10.1414717192055,15.0779355137288,12.7526679868711));
#1086=CARTESIAN_POINT('Ctrl Pts',(-13.807049246806,15.0336862611557,19.9865134323251));
#1087=CARTESIAN_POINT('Ctrl Pts',(-14.5655453646196,15.0083624643003,29.726179948192));
#1088=CARTESIAN_POINT('Ctrl Pts',(-12.5563926618367,15.0016908717535,35.9333744683907));
#1089=CARTESIAN_POINT('Ctrl Pts',(-10.9983023252259,14.9997728226397,38.7303510194159));
#1090=CARTESIAN_POINT('Ctrl Pts',(-9.99801068599069,4.14837571533251E-16,
0.199455064653312));
#1091=CARTESIAN_POINT('Ctrl Pts',(-15.0756380078258,4.14837571533251E-16,
1.91525182877311));
#1092=CARTESIAN_POINT('Ctrl Pts',(-19.8339502030185,-5.82948689320517E-10,
4.48177938871086));
#1093=CARTESIAN_POINT('Ctrl Pts',(-28.3114121563144,-5.82948689320517E-10,
11.035901257605));
#1094=CARTESIAN_POINT('Ctrl Pts',(-31.996998696657,-5.42456716622354E-16,
14.9944960733677));
#1095=CARTESIAN_POINT('Ctrl Pts',(-34.9488466523709,-5.42456716622354E-16,
19.4570839970707));
#1096=CARTESIAN_POINT('Ctrl Pts',(-11.1751397449117,15.,38.4072421775073));
#1097=CARTESIAN_POINT('Ctrl Pts',(-12.2574055815147,15.,36.405633700222));
#1098=CARTESIAN_POINT('Ctrl Pts',(-13.0597630071046,15.,34.2627151939129));
#1099=CARTESIAN_POINT('Ctrl Pts',(-14.1395969326474,15.,29.4383113559486));
#1100=CARTESIAN_POINT('Ctrl Pts',(-14.2977019486619,15.,26.7608703940242));
#1101=CARTESIAN_POINT('Ctrl Pts',(-13.6952131727485,15.,20.9117768573288));
#1102=CARTESIAN_POINT('Ctrl Pts',(-12.7437770238905,14.9999999999498,17.8088016416616));
#1103=CARTESIAN_POINT('Ctrl Pts',(-9.83509742403596,14.9999999999498,12.3924359433639));
#1104=CARTESIAN_POINT('Ctrl Pts',(-7.99869488926535,15.,10.0801238839335));
#1105=CARTESIAN_POINT('Ctrl Pts',(-5.80176397348721,15.,8.14490851980217));
#1106=CARTESIAN_POINT('Origin',(0.,0.,0.));
#1107=CARTESIAN_POINT('',(-5.50232273298117,15.,-39.6197481635373));
#1108=CARTESIAN_POINT('',(19.6543263082626,0.,-34.8383044559912));
#1109=CARTESIAN_POINT('Ctrl Pts',(-5.50232273298114,15.,-39.6197481635373));
#1110=CARTESIAN_POINT('Ctrl Pts',(-1.95012066432854,13.8516540514375,-40.1130718998168));
#1111=CARTESIAN_POINT('Ctrl Pts',(1.5631944170224,12.4109623454341,-40.1107471290968));
#1112=CARTESIAN_POINT('Ctrl Pts',(8.25534464972752,9.03445662671369,-39.2844449330895));
#1113=CARTESIAN_POINT('Ctrl Pts',(11.4125459968861,7.10741265847222,-38.460013808409));
#1114=CARTESIAN_POINT('Ctrl Pts',(16.2300146881177,3.38428055147483,-36.6189494353015));
#1115=CARTESIAN_POINT('Ctrl Pts',(18.0122625427384,1.76766483449716,-35.7646887209704));
#1116=CARTESIAN_POINT('Ctrl Pts',(19.6543263082626,3.88578058618805E-15,
-34.8383044559912));
#1117=CARTESIAN_POINT('',(16.837623849478,0.,-36.2835282615058));
#1118=CARTESIAN_POINT('Origin',(0.,0.,0.));
#1119=CARTESIAN_POINT('',(-13.5343325650158,15.,-37.6406939630442));
#1120=CARTESIAN_POINT('Ctrl Pts',(16.837623849478,4.02455846426619E-15,
-36.2835282615058));
#1121=CARTESIAN_POINT('Ctrl Pts',(15.2034023657407,1.57290324911862,-37.0419001164033));
#1122=CARTESIAN_POINT('Ctrl Pts',(13.4461186879759,3.01158464247157,-37.7239963332095));
#1123=CARTESIAN_POINT('Ctrl Pts',(9.6847093597418,5.67553087864809,-38.8590643474527));
#1124=CARTESIAN_POINT('Ctrl Pts',(7.70576158593603,6.88726871168227,-39.3058934755272));
#1125=CARTESIAN_POINT('Ctrl Pts',(1.54191656859313,10.2183516040931,-40.1845985191979));
#1126=CARTESIAN_POINT('Ctrl Pts',(-2.87046138667224,12.0523882615106,-40.1507257479324));
#1127=CARTESIAN_POINT('Ctrl Pts',(-9.39488729132105,14.0568131515048,-38.9392485429792));
#1128=CARTESIAN_POINT('Ctrl Pts',(-11.4776299576386,14.5865086097849,-38.3802153199806));
#1129=CARTESIAN_POINT('Ctrl Pts',(-13.5343325650158,15.,-37.6406939630442));
#1130=CARTESIAN_POINT('Origin',(0.,15.,0.));
#1131=CARTESIAN_POINT('Ctrl Pts',(9.1857748930282,-0.512111311514665,-3.94312547581708));
#1132=CARTESIAN_POINT('Ctrl Pts',(12.0913846211181,-0.393047969166258,-7.72093660193371));
#1133=CARTESIAN_POINT('Ctrl Pts',(16.009077880991,-0.227850931147413,-14.7060881912524));
#1134=CARTESIAN_POINT('Ctrl Pts',(19.0629601397225,-0.0846053724573202,
-25.3892461925241));
#1135=CARTESIAN_POINT('Ctrl Pts',(19.6531008103625,-0.0260096888196067,
-31.692194420301));
#1136=CARTESIAN_POINT('Ctrl Pts',(19.6543263082626,2.77555756156289E-16,
-34.8383044559912));
#1137=CARTESIAN_POINT('Ctrl Pts',(8.80368759839253,2.73982195321383,-4.84916868945672));
#1138=CARTESIAN_POINT('Ctrl Pts',(11.4463073770842,3.01662545013829,-9.05519556195039));
#1139=CARTESIAN_POINT('Ctrl Pts',(14.642873521104,3.45849516189105,-16.7017324789812));
#1140=CARTESIAN_POINT('Ctrl Pts',(16.3073919846204,4.00221078775325,-27.8743124376317));
#1141=CARTESIAN_POINT('Ctrl Pts',(15.9955050519454,4.28624891272545,-34.1524342590496));
#1142=CARTESIAN_POINT('Ctrl Pts',(15.5437948124085,4.42522172428191,-37.1891504350137));
#1143=CARTESIAN_POINT('Ctrl Pts',(7.99656909309598,6.70687830155075,-6.24877024680185));
#1144=CARTESIAN_POINT('Ctrl Pts',(10.1814702909416,7.03782336923076,-10.8318610752303));
#1145=CARTESIAN_POINT('Ctrl Pts',(12.3613919410955,7.5679923129786,-19.1768888641118));
#1146=CARTESIAN_POINT('Ctrl Pts',(11.9624777336062,8.22672404112072,-30.7354591568169));
#1147=CARTESIAN_POINT('Ctrl Pts',(10.3264841864652,8.58577535482009,-36.7885348289282));
#1148=CARTESIAN_POINT('Ctrl Pts',(9.21475939942365,8.76534973070857,-39.5738278762118));
#1149=CARTESIAN_POINT('Ctrl Pts',(5.61602261050318,11.8108193066029,-8.14749524453807));
#1150=CARTESIAN_POINT('Ctrl Pts',(7.19422357500706,12.0611064457192,-12.9693026547713));
#1151=CARTESIAN_POINT('Ctrl Pts',(7.94589386171258,12.4580864723027,-21.6551998223576));
#1152=CARTESIAN_POINT('Ctrl Pts',(4.69629615207564,12.9534725757086,-32.814560466712));
#1153=CARTESIAN_POINT('Ctrl Pts',(1.24361991158971,13.2216717317022,-38.0855341755546));
#1154=CARTESIAN_POINT('Ctrl Pts',(-0.754790056198196,13.3576814710638,-40.3283426201421));
#1155=CARTESIAN_POINT('Ctrl Pts',(4.15473907689049,13.8061467905658,-8.87685431548286));
#1156=CARTESIAN_POINT('Ctrl Pts',(5.5004683716039,13.9899301640122,-13.7250771694796));
#1157=CARTESIAN_POINT('Ctrl Pts',(5.69231061757978,14.2829432768796,-22.3874116623314));
#1158=CARTESIAN_POINT('Ctrl Pts',(1.31986958649391,14.6427652241315,-33.1442036805956));
#1159=CARTESIAN_POINT('Ctrl Pts',(-2.85315425326239,14.8342282292023,-37.9664500168414));
#1160=CARTESIAN_POINT('Ctrl Pts',(-5.20704863775543,14.9297555241975,-39.929799658307));
#1161=CARTESIAN_POINT('Ctrl Pts',(2.93952503843812,14.9906072324362,-9.18816229886402));
#1162=CARTESIAN_POINT('Ctrl Pts',(4.15731466688011,15.1230779298446,-14.0225809990763));
#1163=CARTESIAN_POINT('Ctrl Pts',(4.01761093605201,15.3323671657899,-22.6157029162089));
#1164=CARTESIAN_POINT('Ctrl Pts',(-1.0131896512127,15.5788970396818,-33.0329600849251));
#1165=CARTESIAN_POINT('Ctrl Pts',(-5.61356883968903,15.7068168397818,-37.5275130818056));
#1166=CARTESIAN_POINT('Ctrl Pts',(-8.18145093803743,15.7697671346227,-39.2863021915621));
#1167=CARTESIAN_POINT('Ctrl Pts',(3.02384996644939,15.,-9.53185875789208));
#1168=CARTESIAN_POINT('Ctrl Pts',(3.94905319414846,15.,-12.9712252664268));
#1169=CARTESIAN_POINT('Ctrl Pts',(4.25225757938034,14.9999999999722,-16.5550951427957));
#1170=CARTESIAN_POINT('Ctrl Pts',(3.58953313177792,14.9999999999722,-23.8901775600471));
#1171=CARTESIAN_POINT('Ctrl Pts',(2.54671191480976,14.9999999999998,-27.5798884963639));
#1172=CARTESIAN_POINT('Ctrl Pts',(-0.736479157281004,14.9999999999998,-34.2149574244319));
#1173=CARTESIAN_POINT('Ctrl Pts',(-2.89214578159338,15.,-37.1437033435998));
#1174=CARTESIAN_POINT('Ctrl Pts',(-5.50232273298117,15.,-39.6197481635373));
#1175=CARTESIAN_POINT('Ctrl Pts',(19.6543263082626,1.84840491510653E-15,
-34.8383044559912));
#1176=CARTESIAN_POINT('Ctrl Pts',(19.6109063607492,1.84840491510653E-15,
-29.4807717329497));
#1177=CARTESIAN_POINT('Ctrl Pts',(18.7207121654702,-2.57537846917266E-11,
-24.161856771131));
#1178=CARTESIAN_POINT('Ctrl Pts',(15.229017543904,-2.57537629116384E-11,
-13.6798037732403));
#1179=CARTESIAN_POINT('Ctrl Pts',(12.5520541133789,-1.85396259637476E-15,
-8.61445327835985));
#1180=CARTESIAN_POINT('Ctrl Pts',(9.1251652533811,-1.85396259637476E-15,
-4.09039840339375));
#1181=CARTESIAN_POINT('Ctrl Pts',(7.65029733026984,-0.00511048152675254,
-5.58812234172449));
#1182=CARTESIAN_POINT('Ctrl Pts',(8.57577524672758,-0.0194141369370798,
-6.85464550822402));
#1183=CARTESIAN_POINT('Ctrl Pts',(11.1647750067253,-0.0580214122752573,
-10.7862418870985));
#1184=CARTESIAN_POINT('Ctrl Pts',(14.4810855315777,-0.0861444474347736,
-17.9100660344896));
#1185=CARTESIAN_POINT('Ctrl Pts',(16.71441238485,-0.0630993716319481,-27.0272391858565));
#1186=CARTESIAN_POINT('Ctrl Pts',(16.9958493144524,-0.0232966303761731,
-33.223160693991));
#1187=CARTESIAN_POINT('Ctrl Pts',(16.837623849479,-1.04319330951341E-12,
-36.2835282615058));
#1188=CARTESIAN_POINT('Ctrl Pts',(7.21423638010929,2.54761355080382,-6.25421796155296));
#1189=CARTESIAN_POINT('Ctrl Pts',(8.06384543803214,2.57406625125491,-7.62527379029988));
#1190=CARTESIAN_POINT('Ctrl Pts',(10.3845565735461,2.65407839759064,-11.8674712873706));
#1191=CARTESIAN_POINT('Ctrl Pts',(13.0763739459626,2.81319378074262,-19.4506731164898));
#1192=CARTESIAN_POINT('Ctrl Pts',(14.3418054066655,3.05700069305971,-28.8749742153484));
#1193=CARTESIAN_POINT('Ctrl Pts',(13.8877634984291,3.24521141886921,-35.0176495415627));
#1194=CARTESIAN_POINT('Ctrl Pts',(13.3595037130611,3.34461870535459,-37.9669863083917));
#1195=CARTESIAN_POINT('Ctrl Pts',(6.19453391535914,6.69878975528985,-7.56279256632769));
#1196=CARTESIAN_POINT('Ctrl Pts',(6.88340277924849,6.75284915687024,-9.05850673037803));
#1197=CARTESIAN_POINT('Ctrl Pts',(8.67341642281572,6.90769835493771,-13.6911439471495));
#1198=CARTESIAN_POINT('Ctrl Pts',(10.1895262536943,7.15778478295296,-21.8851020268618));
#1199=CARTESIAN_POINT('Ctrl Pts',(9.61318594500713,7.49932386540786,-31.6203190702044));
#1200=CARTESIAN_POINT('Ctrl Pts',(7.76614150205312,7.77003094179261,-37.4958474713139));
#1201=CARTESIAN_POINT('Ctrl Pts',(6.54428082087215,7.91826377180479,-40.1631799839456));
#1202=CARTESIAN_POINT('Ctrl Pts',(3.56891974889328,11.7964670039877,-9.3722014807634));
#1203=CARTESIAN_POINT('Ctrl Pts',(4.04349697138487,11.8321673956138,-10.9338135670195));
#1204=CARTESIAN_POINT('Ctrl Pts',(5.10469300971134,11.9350882419955,-15.7522381802561));
#1205=CARTESIAN_POINT('Ctrl Pts',(4.94533069993349,12.0985046334518,-24.0827826125063));
#1206=CARTESIAN_POINT('Ctrl Pts',(1.70626370984018,12.3241956629592,-33.3443902097975));
#1207=CARTESIAN_POINT('Ctrl Pts',(-2.1387903442189,12.5062787247848,-38.299629713548));
#1208=CARTESIAN_POINT('Ctrl Pts',(-4.32937076719722,12.6060159477594,-40.3439389845182));
#1209=CARTESIAN_POINT('Ctrl Pts',(1.17473631425964,14.1272757078148,-10.0272012166486));
#1210=CARTESIAN_POINT('Ctrl Pts',(1.56066057070752,14.1330420249936,-11.5832477665309));
#1211=CARTESIAN_POINT('Ctrl Pts',(2.30566575545534,14.1510587594525,-16.3635300526474));
#1212=CARTESIAN_POINT('Ctrl Pts',(1.35352264866511,14.1946957730977,-24.4841147201924));
#1213=CARTESIAN_POINT('Ctrl Pts',(-3.19113737979532,14.2763347454236,-33.1195552527023));
#1214=CARTESIAN_POINT('Ctrl Pts',(-8.03041803374958,14.3439982576157,-37.338997209744));
#1215=CARTESIAN_POINT('Ctrl Pts',(-10.7160075390883,14.3801686985647,-38.9313052772492));
#1216=CARTESIAN_POINT('Ctrl Pts',(-0.277994345415382,15.128764204175,-9.99780092606749));
#1217=CARTESIAN_POINT('Ctrl Pts',(0.0793778071552554,15.1156061541413,-11.5405709012546));
#1218=CARTESIAN_POINT('Ctrl Pts',(0.708792621770652,15.0779354556813,-16.2781295012133));
#1219=CARTESIAN_POINT('Ctrl Pts',(-0.577641089676028,15.0336861463428,-24.2850046405279));
#1220=CARTESIAN_POINT('Ctrl Pts',(-5.68884151745911,15.0083623411426,-32.6103849773554));
#1221=CARTESIAN_POINT('Ctrl Pts',(-10.9627725261521,15.0016908717535,-36.451173038788));
#1222=CARTESIAN_POINT('Ctrl Pts',(-13.8673156549421,14.9997728226397,-37.7981520798363));
#1223=CARTESIAN_POINT('Ctrl Pts',(7.97132380941054,4.23208972716996E-16,
-6.03804577040657));
#1224=CARTESIAN_POINT('Ctrl Pts',(11.0706905699969,4.23208972716996E-16,
-10.410708967885));
#1225=CARTESIAN_POINT('Ctrl Pts',(13.4116789511158,-5.82948689320517E-10,
-15.283939114544));
#1226=CARTESIAN_POINT('Ctrl Pts',(16.4176735642356,-5.82948689320517E-10,
-25.5692622027017));
#1227=CARTESIAN_POINT('Ctrl Pts',(17.0725720571056,-1.39091276509295E-16,
-30.9381660969594));
#1228=CARTESIAN_POINT('Ctrl Pts',(16.837623849478,-1.39091276509295E-16,
-36.2835282615058));
#1229=CARTESIAN_POINT('Ctrl Pts',(-13.5343325650158,15.,-37.6406939630442));
#1230=CARTESIAN_POINT('Ctrl Pts',(-11.4822451669607,15.,-36.6574985866507));
#1231=CARTESIAN_POINT('Ctrl Pts',(-9.57354847922242,15.,-35.3954549593151));
#1232=CARTESIAN_POINT('Ctrl Pts',(-5.86423105529695,15.,-32.1271407230334));
#1233=CARTESIAN_POINT('Ctrl Pts',(-4.16256109914243,15.,-30.0539772801278));
#1234=CARTESIAN_POINT('Ctrl Pts',(-1.21197383762779,15.,-24.9678271900989));
#1235=CARTESIAN_POINT('Ctrl Pts',(-0.15781878111822,14.9999999999498,-21.8982273707032));
#1236=CARTESIAN_POINT('Ctrl Pts',(0.672669869889908,14.9999999999498,-15.8066165005923));
#1237=CARTESIAN_POINT('Ctrl Pts',(0.546131937978449,15.,-12.8565064210044));
#1238=CARTESIAN_POINT('Ctrl Pts',(-0.0937314573075545,15.,-9.99956071104681));
#1239=CARTESIAN_POINT('Origin',(0.,0.,0.));
#1240=CARTESIAN_POINT('',(-39.3809308979319,15.,-7.01015560542794));
#1241=CARTESIAN_POINT('',(-27.0596756273012,0.,-29.4580032409741));
#1242=CARTESIAN_POINT('Ctrl Pts',(-39.3809308979319,15.,-7.01015560542798));
#1243=CARTESIAN_POINT('Ctrl Pts',(-38.7524188452961,13.8516540514375,-10.5409459482561));
#1244=CARTESIAN_POINT('Ctrl Pts',(-37.6645337902226,12.4109623454341,-13.8815887565124));
#1245=CARTESIAN_POINT('Ctrl Pts',(-34.8106855514648,9.03445662671369,-19.9908604222971));
#1246=CARTESIAN_POINT('Ctrl Pts',(-33.0509760871654,7.10741265847222,-22.7387741085502));
#1247=CARTESIAN_POINT('Ctrl Pts',(-29.8113401227429,3.38428055147483,-26.7515389203655));
#1248=CARTESIAN_POINT('Ctrl Pts',(-28.4481450284973,1.76766483449716,-28.1825762778003));
#1249=CARTESIAN_POINT('Ctrl Pts',(-27.0596756273012,3.05311331771918E-15,
-29.4580032409741));
#1250=CARTESIAN_POINT('',(-29.3045740729028,0.,-27.2257587296617));
#1251=CARTESIAN_POINT('Origin',(0.,0.,0.));
#1252=CARTESIAN_POINT('',(-39.980766041537,15.,1.24030106501678));
#1253=CARTESIAN_POINT('Ctrl Pts',(-29.3045740729028,6.52256026967279E-15,
-27.2257587296617));
#1254=CARTESIAN_POINT('Ctrl Pts',(-30.5308307783254,1.57290324911862,-25.9058715297028));
#1255=CARTESIAN_POINT('Ctrl Pts',(-31.7225733504263,3.01158464247157,-24.4453747597774));
#1256=CARTESIAN_POINT('Ctrl Pts',(-33.9644265870352,5.67553087864809,-21.2188172138796));
#1257=CARTESIAN_POINT('Ctrl Pts',(-35.0009148340474,6.88726871168227,-19.4748038323506));
#1258=CARTESIAN_POINT('Ctrl Pts',(-37.7413458527841,10.2183516040931,-13.8841736547104));
#1259=CARTESIAN_POINT('Ctrl Pts',(-39.0726307067295,12.0523882615106,-9.67728558603062));
#1260=CARTESIAN_POINT('Ctrl Pts',(-39.9366058996923,14.0568131515048,-3.09782076970107));
#1261=CARTESIAN_POINT('Ctrl Pts',(-40.048536588936,14.5865086097849,-0.944264018807057));
#1262=CARTESIAN_POINT('Ctrl Pts',(-39.980766041537,15.,1.24030106501678));
#1263=CARTESIAN_POINT('Origin',(0.,15.,0.));
#1264=CARTESIAN_POINT('Ctrl Pts',(-0.911574629896833,-0.512111311514665,
-9.95468385221517));
#1265=CARTESIAN_POINT('Ctrl Pts',(-3.60660373372144,-0.393047969166258,
-13.8854907574344));
#1266=CARTESIAN_POINT('Ctrl Pts',(-9.03924043697905,-0.227843753507902,
-19.7699782985234));
#1267=CARTESIAN_POINT('Ctrl Pts',(-18.2558276746444,-0.0846030807128346,
-25.9756652506297));
#1268=CARTESIAN_POINT('Ctrl Pts',(-24.0679258765541,-0.0260096888196069,
-28.4846362560087));
#1269=CARTESIAN_POINT('Ctrl Pts',(-27.0596756273012,1.38777878078145E-16,
-29.4580032409741));
#1270=CARTESIAN_POINT('Ctrl Pts',(-1.89134439965099,2.73982195321383,-9.87127999151108));
#1271=CARTESIAN_POINT('Ctrl Pts',(-5.07489924316152,3.01662545013829,-13.6842945345245));
#1272=CARTESIAN_POINT('Ctrl Pts',(-11.3594050065361,3.45851799742659,-19.0873730277822));
#1273=CARTESIAN_POINT('Ctrl Pts',(-21.4707869720575,4.00220381021359,-24.1228768319274));
#1274=CARTESIAN_POINT('Ctrl Pts',(-27.5380122547495,4.28624891272545,-25.7663118964043));
#1275=CARTESIAN_POINT('Ctrl Pts',(-30.5656871025891,4.42522172428191,-26.2751068350816));
#1276=CARTESIAN_POINT('Ctrl Pts',(-3.47185013199885,6.70686686510461,-9.53615338584072));
#1277=CARTESIAN_POINT('Ctrl Pts',(-7.15545692798384,7.03781193278462,-13.0303708602612));
#1278=CARTESIAN_POINT('Ctrl Pts',(-14.4184166706154,7.56798698533338,-17.6823993819707));
#1279=CARTESIAN_POINT('Ctrl Pts',(-25.5345461778319,8.22672314733785,-20.874797212389));
#1280=CARTESIAN_POINT('Ctrl Pts',(-31.7969213676676,8.58577305806192,-21.1893710203151));
#1281=CARTESIAN_POINT('Ctrl Pts',(-34.7894343223419,8.76534743395039,-20.9927608031974));
#1282=CARTESIAN_POINT('Ctrl Pts',(-6.01327488842631,11.8108180471774,-7.85887008909506));
#1283=CARTESIAN_POINT('Ctrl Pts',(-10.1113953276782,12.0611051862937,-10.8498488337749));
#1284=CARTESIAN_POINT('Ctrl Pts',(-18.139885662001,12.4580887026748,-14.2488953200139));
#1285=CARTESIAN_POINT('Ctrl Pts',(-29.7572674160547,12.9534703315685,-14.6067309881687));
#1286=CARTESIAN_POINT('Ctrl Pts',(-35.8371970664631,13.2216701794745,-12.9518325463077));
#1287=CARTESIAN_POINT('Ctrl Pts',(-38.5877772942645,13.3576799188361,-11.744297648719));
#1288=CARTESIAN_POINT('Ctrl Pts',(-7.15850515898988,13.8061467905658,-6.69449051265761));
#1289=CARTESIAN_POINT('Ctrl Pts',(-11.3535858748399,13.9899301640122,-9.47253838196609));
#1290=CARTESIAN_POINT('Ctrl Pts',(-19.5326707549274,14.2829428428307,-12.3318893213987));
#1291=CARTESIAN_POINT('Ctrl Pts',(-31.1141458540226,14.6427647976642,-11.4974253529919));
#1292=CARTESIAN_POINT('Ctrl Pts',(-36.9899128409425,14.8342282292023,-9.01876732673058));
#1293=CARTESIAN_POINT('Ctrl Pts',(-39.5845626789962,14.9297555241975,-7.38678913880073));
#1294=CARTESIAN_POINT('Ctrl Pts',(-7.83009843484403,14.9906072324362,-5.63495274004351));
#1295=CARTESIAN_POINT('Ctrl Pts',(-12.051586151418,15.1230779298446,-8.28705703793956));
#1296=CARTESIAN_POINT('Ctrl Pts',(-20.2672886701564,15.3323692638939,-10.809698513666));
#1297=CARTESIAN_POINT('Ctrl Pts',(-31.7293086094882,15.5788975863472,-9.24418258137926));
#1298=CARTESIAN_POINT('Ctrl Pts',(-37.4254740273604,15.7068168397818,-6.25781807424842));
#1299=CARTESIAN_POINT('Ctrl Pts',(-39.8917010789242,15.7697671346227,-4.35911279597287));
#1300=CARTESIAN_POINT('Ctrl Pts',(-8.13091535602532,15.,-5.82135855906091));
#1301=CARTESIAN_POINT('Ctrl Pts',(-11.116043765285,15.,-7.76410181868268));
#1302=CARTESIAN_POINT('Ctrl Pts',(-14.4308112569539,14.9999999999722,-9.15994302245314));
#1303=CARTESIAN_POINT('Ctrl Pts',(-21.6116823043397,14.9999999999722,-10.7963197401243));
#1304=CARTESIAN_POINT('Ctrl Pts',(-25.4430554117073,14.9999999999998,-10.9447212100489));
#1305=CARTESIAN_POINT('Ctrl Pts',(-32.76794278887,14.9999999999998,-9.87257000431709));
#1306=CARTESIAN_POINT('Ctrl Pts',(-36.2194833009869,15.,-8.727441475534));
#1307=CARTESIAN_POINT('Ctrl Pts',(-39.3809308979319,15.,-7.01015560542796));
#1308=CARTESIAN_POINT('Ctrl Pts',(-27.0596756273012,6.1608107873097E-16,
-29.4580032409741));
#1309=CARTESIAN_POINT('Ctrl Pts',(-21.9777767214645,6.1608107873097E-16,
-27.7611397576146));
#1310=CARTESIAN_POINT('Ctrl Pts',(-17.1942731220422,-2.57537846917266E-11,
-25.2708796525892));
#1311=CARTESIAN_POINT('Ctrl Pts',(-8.30424129147871,-2.57537629116384E-11,
-18.7109482175489));
#1312=CARTESIAN_POINT('Ctrl Pts',(-4.31403388935623,-6.2599617227657E-16,
-14.5997253176806));
#1313=CARTESIAN_POINT('Ctrl Pts',(-1.07036891601639,-6.2599617227657E-16,
-9.94255049691104));
#1314=CARTESIAN_POINT('Ctrl Pts',(-2.95054827987694,-0.00511048152675244,
-9.00268989778774));
#1315=CARTESIAN_POINT('Ctrl Pts',(-3.86909498631093,-0.0194141369370796,
-10.2742488831401));
#1316=CARTESIAN_POINT('Ctrl Pts',(-6.80822090385229,-0.0580211523755596,
-13.9514651667366));
#1317=CARTESIAN_POINT('Ctrl Pts',(-12.5585839006555,-0.0861439277421645,
-19.3068472572287));
#1318=CARTESIAN_POINT('Ctrl Pts',(-20.539394052134,-0.0630988171419543,
-24.2482329749803));
#1319=CARTESIAN_POINT('Ctrl Pts',(-26.3450971979395,-0.0232966303761726,
-26.4305345017735));
#1320=CARTESIAN_POINT('Ctrl Pts',(-29.3045740729025,-1.04277697587918E-12,
-27.2257587296627));
#1321=CARTESIAN_POINT('Ctrl Pts',(-3.71879310377336,2.54761355080382,-8.79380615604141));
#1322=CARTESIAN_POINT('Ctrl Pts',(-4.76020104643453,2.57406625125491,-10.0255119382019));
#1323=CARTESIAN_POINT('Ctrl Pts',(-8.07762569095771,2.65408537923179,-13.5435805019902));
#1324=CARTESIAN_POINT('Ctrl Pts',(-14.457859669935,2.81319972265364,-18.4469797525352));
#1325=CARTESIAN_POINT('Ctrl Pts',(-23.0298610376497,3.05700170665935,-22.562697351651));
#1326=CARTESIAN_POINT('Ctrl Pts',(-29.0122088469685,3.24521141886921,-24.0290967833559));
#1327=CARTESIAN_POINT('Ctrl Pts',(-31.9804360489337,3.34461870535459,-24.4380870552701));
#1328=CARTESIAN_POINT('Ctrl Pts',(-5.27838669713321,6.69867845381102,-8.22838987193668));
#1329=CARTESIAN_POINT('Ctrl Pts',(-6.48802321353067,6.75273785539141,-9.34574418923035));
#1330=CARTESIAN_POINT('Ctrl Pts',(-10.3408025167152,6.90759262498213,-12.4797420796685));
#1331=CARTESIAN_POINT('Ctrl Pts',(-17.6652348602947,7.15769197361668,-16.4537914788076));
#1332=CARTESIAN_POINT('Ctrl Pts',(-27.1020942725567,7.49924453400516,-18.9141052586099));
#1333=CARTESIAN_POINT('Ctrl Pts',(-33.2608263559638,7.76997186922911,-18.9731405304773));
#1334=CARTESIAN_POINT('Ctrl Pts',(-36.1751860384716,7.91820469924129,-18.6353330436873));
#1335=CARTESIAN_POINT('Ctrl Pts',(-7.81046737773763,11.7964823861876,-6.29053897371534));
#1336=CARTESIAN_POINT('Ctrl Pts',(-9.14899630140357,11.8321827778137,-7.22445340692565));
#1337=CARTESIAN_POINT('Ctrl Pts',(-13.4036899517167,11.9351107243631,-9.72268405938875));
#1338=CARTESIAN_POINT('Ctrl Pts',(-21.3757950881866,12.0985343771434,-12.1453796497483));
#1339=CARTESIAN_POINT('Ctrl Pts',(-31.1850963428994,12.3242316214552,-11.9268254102181));
#1340=CARTESIAN_POINT('Ctrl Pts',(-37.0860180145357,12.5063146488747,-9.80118295623404));
#1341=CARTESIAN_POINT('Ctrl Pts',(-39.7071982462598,12.6060518718493,-8.34954347697994));
#1342=CARTESIAN_POINT('Ctrl Pts',(-9.1734215722807,14.1272757078148,-4.21581620856675));
#1343=CARTESIAN_POINT('Ctrl Pts',(-10.534052629421,14.1330420249936,-5.06369681541003));
#1344=CARTESIAN_POINT('Ctrl Pts',(-14.8501847812707,14.1510568119456,-7.24943138387509));
#1345=CARTESIAN_POINT('Ctrl Pts',(-22.8675477465491,14.1946892788269,-8.85330172822319));
#1346=CARTESIAN_POINT('Ctrl Pts',(-32.4847166495204,14.2763259191062,-7.19961507614708));
#1347=CARTESIAN_POINT('Ctrl Pts',(-37.9930322526173,14.3439982576157,-3.90100329115801));
#1348=CARTESIAN_POINT('Ctrl Pts',(-40.3373000132321,14.3801686985647,-1.83890614515115));
#1349=CARTESIAN_POINT('Ctrl Pts',(-9.5943786964317,15.128764204175,-2.82510205883194));
#1350=CARTESIAN_POINT('Ctrl Pts',(-10.9512060660173,15.1156061541413,-3.64172531402091));
#1351=CARTESIAN_POINT('Ctrl Pts',(-15.262402754979,15.0779356653482,-5.70432450272528));
#1352=CARTESIAN_POINT('Ctrl Pts',(-23.2749266835385,15.0336865650003,-6.9551169745824));
#1353=CARTESIAN_POINT('Ctrl Pts',(-32.7723058673263,15.0083627892139,-4.66678537299444));
#1354=CARTESIAN_POINT('Ctrl Pts',(-38.0548086611893,15.0016908717535,-0.837815686228956));
#1355=CARTESIAN_POINT('Ctrl Pts',(-40.2334150431825,14.9997728226397,1.50832956851628));
#1356=CARTESIAN_POINT('Ctrl Pts',(-3.27924825086006,1.38002921956912E-16,
-9.447038208308));
#1357=CARTESIAN_POINT('Ctrl Pts',(-6.48014107756392,1.38002921956912E-16,
-13.745938401051));
#1358=CARTESIAN_POINT('Ctrl Pts',(-10.3914531705499,-5.82948689320517E-10,
-17.4782615883033));
#1359=CARTESIAN_POINT('Ctrl Pts',(-19.2444732952897,-5.82948689320517E-10,
-23.5154719799368));
#1360=CARTESIAN_POINT('Ctrl Pts',(-24.1482295653985,-1.15156792243344E-16,
-25.7974000035841));
#1361=CARTESIAN_POINT('Ctrl Pts',(-29.3045740729028,-1.15156792243344E-16,
-27.2257587296617));
#1362=CARTESIAN_POINT('Ctrl Pts',(-39.980766041537,15.,1.24030106501676));
#1363=CARTESIAN_POINT('Ctrl Pts',(-38.411561792085,15.,-0.407525946814215));
#1364=CARTESIAN_POINT('Ctrl Pts',(-36.6214672628404,15.,-1.83281144082936));
#1365=CARTESIAN_POINT('Ctrl Pts',(-32.3668735896004,15.,-4.3506173058922));
#1366=CARTESIAN_POINT('Ctrl Pts',(-29.8693330526111,15.,-5.32835887030192));
#1367=CARTESIAN_POINT('Ctrl Pts',(-24.1203352594397,15.,-6.56282729850231));
#1368=CARTESIAN_POINT('Ctrl Pts',(-20.8752205216172,14.9999999999498,-6.61682982405767));
#1369=CARTESIAN_POINT('Ctrl Pts',(-14.8251192020669,14.9999999999498,-5.5242601853247));
#1370=CARTESIAN_POINT('Ctrl Pts',(-12.0585001584804,15.,-4.49228131075229));
#1371=CARTESIAN_POINT('Ctrl Pts',(-9.53911198754564,15.,-3.00089028274331));
#1372=CARTESIAN_POINT('Origin',(0.,15.,0.));
#1373=CARTESIAN_POINT('',(27.7393762695864,15.,28.8188654213574));
#1374=CARTESIAN_POINT('Ctrl Pts',(3.15633999352614,15.,9.48881013854042));
#1375=CARTESIAN_POINT('Ctrl Pts',(4.42944377001241,15.,12.815136906444));
#1376=CARTESIAN_POINT('Ctrl Pts',(6.29069212905568,14.9999999999722,15.8927676081245));
#1377=CARTESIAN_POINT('Ctrl Pts',(11.138300738964,14.9999999999722,21.4374342821874));
#1378=CARTESIAN_POINT('Ctrl Pts',(14.1507184991753,14.9999999999998,23.8095182018872));
#1379=CARTESIAN_POINT('Ctrl Pts',(20.7068715361392,14.9999999999998,27.2475904309102));
#1380=CARTESIAN_POINT('Ctrl Pts',(24.1723161284135,15.,28.3499266010934));
#1381=CARTESIAN_POINT('Ctrl Pts',(27.7393762695864,15.,28.8188654213574));
#1382=CARTESIAN_POINT('',(33.0741498501517,15.,22.4966800148312));
#1383=CARTESIAN_POINT('Origin',(0.,15.,0.));
#1384=CARTESIAN_POINT('Ctrl Pts',(33.0741498501517,15.,22.4966800148312));
#1385=CARTESIAN_POINT('Ctrl Pts',(30.8360685288162,15.,22.90744495553));
#1386=CARTESIAN_POINT('Ctrl Pts',(28.5500898394313,15.,23.008333977525));
#1387=CARTESIAN_POINT('Ctrl Pts',(23.6281220980006,15.,22.5444942952704));
#1388=CARTESIAN_POINT('Ctrl Pts',(21.0328672873225,15.,21.8674863423397));
#1389=CARTESIAN_POINT('Ctrl Pts',(15.6562280355059,15.,19.487016161485));
#1390=CARTESIAN_POINT('Ctrl Pts',(12.9991331758029,14.9999999999498,17.6232745375094));
#1391=CARTESIAN_POINT('Ctrl Pts',(8.74669471134612,14.9999999999498,13.1832068017295));
#1392=CARTESIAN_POINT('Ctrl Pts',(7.11503485127436,15.,10.7221404818328));
#1393=CARTESIAN_POINT('Ctrl Pts',(5.95342465722589,15.,8.03472058323964));
#1394=CARTESIAN_POINT('Origin',(0.,0.,0.));
#1395=CARTESIAN_POINT('',(4.57675757773174,0.,39.7373035078461));
#1396=CARTESIAN_POINT('Ctrl Pts',(27.7393762695864,15.,28.8188654213574));
#1397=CARTESIAN_POINT('Ctrl Pts',(25.1555528453835,13.8516540514375,31.3059046968529));
#1398=CARTESIAN_POINT('Ctrl Pts',(22.3118547720326,12.4109623454341,33.3690987093071));
#1399=CARTESIAN_POINT('Ctrl Pts',(16.4121032601139,9.03445662671369,36.6341534031576));
#1400=CARTESIAN_POINT('Ctrl Pts',(13.3732852589811,7.10741265847222,37.8229310029771));
#1401=CARTESIAN_POINT('Ctrl Pts',(8.3937207308718,3.38428055147483,39.1651156874816));
#1402=CARTESIAN_POINT('Ctrl Pts',(6.44973007879872,1.76766483449716,39.5215832568369));
#1403=CARTESIAN_POINT('Ctrl Pts',(4.57675757773174,1.11022302462516E-15,
39.7373035078461));
#1404=CARTESIAN_POINT('',(7.70499897412967,0.,39.2508979618131));
#1405=CARTESIAN_POINT('Origin',(0.,0.,0.));
#1406=CARTESIAN_POINT('Ctrl Pts',(7.70499897412967,2.91433543964104E-15,
39.2508979618131));
#1407=CARTESIAN_POINT('Ctrl Pts',(9.47287171910823,1.57290324911862,38.9038623933605));
#1408=CARTESIAN_POINT('Ctrl Pts',(11.2954701752408,3.01158464247157,38.4227843946711));
#1409=CARTESIAN_POINT('Ctrl Pts',(15.0056904837037,5.67553087864809,37.130172776994));
#1410=CARTESIAN_POINT('Ctrl Pts',(16.8693324354699,6.88726871168227,36.3284688186879));
#1411=CARTESIAN_POINT('Ctrl Pts',(22.3724776709783,10.2183516040931,33.4163389334499));
#1412=CARTESIAN_POINT('Ctrl Pts',(25.9222565069892,12.0523882615106,30.7954045962041));
#1413=CARTESIAN_POINT('Ctrl Pts',(30.4885395078303,14.0568131515048,25.9803376226716));
#1414=CARTESIAN_POINT('Ctrl Pts',(31.8449222357709,14.5865086097849,24.3038648212638));
#1415=CARTESIAN_POINT('Ctrl Pts',(33.0741498501517,15.,22.4966800148312));
#1416=CARTESIAN_POINT('Origin',(0.,0.,0.));
#1417=CARTESIAN_POINT('Ctrl Pts',(4.57675757773174,4.69209889609726E-16,
39.7373035078461));
#1418=CARTESIAN_POINT('Ctrl Pts',(1.4628063298868,4.69209889609726E-16,
35.3774468821819));
#1419=CARTESIAN_POINT('Ctrl Pts',(-0.943391210593365,-2.57537846917266E-11,
30.551111266774));
#1420=CARTESIAN_POINT('Ctrl Pts',(-4.27974708848693,-2.57537629116384E-11,
20.0185856514761));
#1421=CARTESIAN_POINT('Ctrl Pts',(-5.09137649845505,-9.89716998648444E-16,
14.3471513932633));
#1422=CARTESIAN_POINT('Ctrl Pts',(-4.97813790894956,-9.89716998648444E-16,
8.67283938277882));
#1423=CARTESIAN_POINT('Ctrl Pts',(-2.89986217296685,-2.11062219525938E-16,
9.57030821749206));
#1424=CARTESIAN_POINT('Ctrl Pts',(-2.83711561336217,-2.11062219525938E-16,
14.9296291282482));
#1425=CARTESIAN_POINT('Ctrl Pts',(-1.86660218608838,-5.82948689320517E-10,
20.2481535806053));
#1426=CARTESIAN_POINT('Ctrl Pts',(1.74705831318047,-5.82948689320517E-10,
30.3360340536244));
#1427=CARTESIAN_POINT('Ctrl Pts',(4.37299683287842,-4.94604951300513E-16,
35.0645082211022));
#1428=CARTESIAN_POINT('Ctrl Pts',(7.70499897412967,-4.94604951300513E-16,
39.2508979618131));
#1429=CARTESIAN_POINT('Ctrl Pts',(-5.11373699233852,-0.512111311514666,
8.58931853388927));
#1430=CARTESIAN_POINT('Ctrl Pts',(-5.24388297550662,-0.393047969166258,
13.3535064835451));
#1431=CARTESIAN_POINT('Ctrl Pts',(-4.30757256857132,-0.227869796630388,
21.3073606624906));
#1432=CARTESIAN_POINT('Ctrl Pts',(-0.498823828847315,-0.0846116274980615,
31.7452519604707));
#1433=CARTESIAN_POINT('Ctrl Pts',(2.7285119452914,-0.0260096888196066,37.1913266932067));
#1434=CARTESIAN_POINT('Ctrl Pts',(4.57675757773174,4.16333634234434E-16,
39.7373035078461));
#1435=CARTESIAN_POINT('Ctrl Pts',(-4.27206303872646,2.73982195321383,9.09773761448665));
#1436=CARTESIAN_POINT('Ctrl Pts',(-3.93774678296176,3.01662545013829,14.0537777664631));
#1437=CARTESIAN_POINT('Ctrl Pts',(-2.02924158333606,3.45843612330382,22.1187223529411));
#1438=CARTESIAN_POINT('Ctrl Pts',(3.1911335024355,4.00222774988831,32.1360546574767));
#1439=CARTESIAN_POINT('Ctrl Pts',(7.13366176672341,4.28624891272545,37.0318216873476));
#1440=CARTESIAN_POINT('Ctrl Pts',(9.28404001067159,4.42522172428191,39.2230680636865));
#1441=CARTESIAN_POINT('Ctrl Pts',(-2.79643584512471,6.70711247103933,9.75591993450681));
#1442=CARTESIAN_POINT('Ctrl Pts',(-1.87018484634484,7.03805753871934,14.7479710032792));
#1443=CARTESIAN_POINT('Ctrl Pts',(1.27145281207132,7.56811966135018,22.7801700091132));
#1444=CARTESIAN_POINT('Ctrl Pts',(8.38813113059965,8.22682306493881,31.8967175012892));
#1445=CARTESIAN_POINT('Ctrl Pts',(13.2696013556207,8.58582330409591,35.8319416863866));
#1446=CARTESIAN_POINT('Ctrl Pts',(15.8061597779112,8.76539767998438,37.4318356615224));
#1447=CARTESIAN_POINT('Ctrl Pts',(0.245644292541807,11.8108489261009,9.89255581301068));
#1448=CARTESIAN_POINT('Ctrl Pts',(1.80304017684887,12.0611360652172,14.7211232035815));
#1449=CARTESIAN_POINT('Ctrl Pts',(6.3004524104887,12.4581080057186,22.1897688472061));
#1450=CARTESIAN_POINT('Ctrl Pts',(15.4886232473723,12.9535055511094,29.3078705922759));
#1451=CARTESIAN_POINT('Ctrl Pts',(21.3800158163309,13.2217039211454,31.5427642938666));
#1452=CARTESIAN_POINT('Ctrl Pts',(24.3150531694452,13.357713660507,32.1825985335655));
#1453=CARTESIAN_POINT('Ctrl Pts',(1.85642953299153,13.8061467905658,9.6236203543357));
#1454=CARTESIAN_POINT('Ctrl Pts',(3.61742555714678,13.9899301640122,14.3369148687466));
#1455=CARTESIAN_POINT('Ctrl Pts',(8.55395784791512,14.282944437525,21.4574656796183));
#1456=CARTESIAN_POINT('Ctrl Pts',(18.4139352713693,14.6427663461126,27.5899569191059));
#1457=CARTESIAN_POINT('Ctrl Pts',(24.6243696802611,14.8342282292023,29.0384612871285));
#1458=CARTESIAN_POINT('Ctrl Pts',(27.6827382046269,14.9297555241975,29.2432601083151));
#1459=CARTESIAN_POINT('Ctrl Pts',(3.02254058345486,14.9906072324362,9.16118891319457));
#1460=CARTESIAN_POINT('Ctrl Pts',(4.87892809386349,15.1230779298446,13.7881145835833));
#1461=CARTESIAN_POINT('Ctrl Pts',(10.0430227660348,15.3323616596772,20.6578147349812));
#1462=CARTESIAN_POINT('Ctrl Pts',(20.2360256780743,15.5788955296406,26.1286017154309));
#1463=CARTESIAN_POINT('Ctrl Pts',(26.5995913351003,15.7068168397818,27.0608228631111));
#1464=CARTESIAN_POINT('Ctrl Pts',(29.7108418928228,15.7697671346227,26.9743499153907));
#1465=CARTESIAN_POINT('Ctrl Pts',(-2.90460465173786,-0.00511048152675251,
9.01761788748653));
#1466=CARTESIAN_POINT('Ctrl Pts',(-2.9088883751157,-0.0194141369370797,
10.5862389235704));
#1467=CARTESIAN_POINT('Ctrl Pts',(-2.69249872228976,-0.0580214933490328,
15.2887427195358));
#1468=CARTESIAN_POINT('Ctrl Pts',(-1.18817138621004,-0.0861446068562431,
23.0013157850271));
#1469=CARTESIAN_POINT('Ctrl Pts',(2.36397008535274,-0.0630995424270749,
31.6899795311944));
#1470=CARTESIAN_POINT('Ctrl Pts',(5.77815296124307,-0.023296630376173,36.8680111855087));
#1471=CARTESIAN_POINT('Ctrl Pts',(7.70499897412881,-1.04319330951341E-12,
39.2508979618137));
#1472=CARTESIAN_POINT('Ctrl Pts',(-2.1603027505229,2.54761355080382,9.30019036820146));
#1473=CARTESIAN_POINT('Ctrl Pts',(-2.0417645207503,2.57406625125491,10.9087855083557));
#1474=CARTESIAN_POINT('Ctrl Pts',(-1.42575149073335,2.65407630311138,15.7048690063441));
#1475=CARTESIAN_POINT('Ctrl Pts',(0.853815663145625,2.81319196460334,23.4220213337749));
#1476=CARTESIAN_POINT('Ctrl Pts',(5.36951735241676,3.05700032649633,31.7902548887957));
#1477=CARTESIAN_POINT('Ctrl Pts',(9.34742128638762,3.24521141886921,36.4928961538926));
#1478=CARTESIAN_POINT('Ctrl Pts',(11.5083690857812,3.34461870535459,38.5684564091737));
#1479=CARTESIAN_POINT('Ctrl Pts',(-0.566158701800001,6.69885942454868,9.75949485408301));
#1480=CARTESIAN_POINT('Ctrl Pts',(-0.24430659230849,6.75291882612906,11.3744599904847));
#1481=CARTESIAN_POINT('Ctrl Pts',(1.03054107873298,6.90776351816654,16.1744616576817));
#1482=CARTESIAN_POINT('Ctrl Pts',(4.62028463279758,7.15784149594871,23.6946191506723));
#1483=CARTESIAN_POINT('Ctrl Pts',(10.8087898143234,7.49937250880708,31.2317642586452));
#1484=CARTESIAN_POINT('Ctrl Pts',(15.7566445437227,7.77006743032143,34.8994654826244));
#1485=CARTESIAN_POINT('Ctrl Pts',(18.3129693134418,7.91830026033361,36.339191126238));
#1486=CARTESIAN_POINT('Ctrl Pts',(2.62165404717777,11.7964584679027,9.68002770783115));
#1487=CARTESIAN_POINT('Ctrl Pts',(3.15560556314182,11.8321588595288,11.2223479166881));
#1488=CARTESIAN_POINT('Ctrl Pts',(5.12926390896056,11.9350760852549,15.7442853371174));
#1489=CARTESIAN_POINT('Ctrl Pts',(10.1547347334757,12.0984883105591,22.390161603567));
#1490=CARTESIAN_POINT('Ctrl Pts',(18.2190011524113,12.3241759802747,27.9790726748615));
#1491=CARTESIAN_POINT('Ctrl Pts',(24.2423051226644,12.5062572069359,29.7278780864257));
#1492=CARTESIAN_POINT('Ctrl Pts',(27.2161367529999,12.6059944299104,30.0941681618115));
#1493=CARTESIAN_POINT('Ctrl Pts',(4.94345935476974,14.1272757078148,8.80266887114008));
#1494=CARTESIAN_POINT('Ctrl Pts',(5.54586128666333,14.1330420249936,10.2883775604754));
#1495=CARTESIAN_POINT('Ctrl Pts',(7.75291168185009,14.151059394443,14.5936032047477));
#1496=CARTESIAN_POINT('Ctrl Pts',(13.2963739219117,14.1946977683252,20.6036351237381));
#1497=CARTESIAN_POINT('Ctrl Pts',(22.0488734003276,14.2763374450316,24.9185586485892));
#1498=CARTESIAN_POINT('Ctrl Pts',(28.4440565565158,14.3439982576157,25.4877220056201));
#1499=CARTESIAN_POINT('Ctrl Pts',(31.5526793054357,14.3801686985647,25.1973763875626));
#1500=CARTESIAN_POINT('Ctrl Pts',(6.10146208947969,15.128764204175,7.92498987911033));
#1501=CARTESIAN_POINT('Ctrl Pts',(6.71915938382831,15.1156061541413,9.38317508830917));
#1502=CARTESIAN_POINT('Ctrl Pts',(8.9946172782025,15.0779353902789,13.5858982576545));
#1503=CARTESIAN_POINT('Ctrl Pts',(14.7416868504897,15.0336860179061,19.3074480856));
#1504=CARTESIAN_POINT('Ctrl Pts',(23.7702691803324,15.008362203138,23.0385239123803));
#1505=CARTESIAN_POINT('Ctrl Pts',(30.2945312200844,15.0016908717535,23.045862438172));
#1506=CARTESIAN_POINT('Ctrl Pts',(33.4360903876458,14.9997728226397,22.4283437576968));
#1507=UNCERTAINTY_MEASURE_WITH_UNIT(LENGTH_MEASURE(0.01),#1511,
'DISTANCE_ACCURACY_VALUE',
'Maximum model space distance between geometric entities at asserted c
onnectivities');
#1508=UNCERTAINTY_MEASURE_WITH_UNIT(LENGTH_MEASURE(0.01),#1511,
'DISTANCE_ACCURACY_VALUE',
'Maximum model space distance between geometric entities at asserted c
onnectivities');
#1509=(
GEOMETRIC_REPRESENTATION_CONTEXT(3)
GLOBAL_UNCERTAINTY_ASSIGNED_CONTEXT((#1507))
GLOBAL_UNIT_ASSIGNED_CONTEXT((#1511,#1513,#1514))
REPRESENTATION_CONTEXT('','3D')
);
#1510=(
GEOMETRIC_REPRESENTATION_CONTEXT(3)
GLOBAL_UNCERTAINTY_ASSIGNED_CONTEXT((#1508))
GLOBAL_UNIT_ASSIGNED_CONTEXT((#1511,#1513,#1514))
REPRESENTATION_CONTEXT('','3D')
);
#1511=(
LENGTH_UNIT()
NAMED_UNIT(*)
SI_UNIT(.MILLI.,.METRE.)
);
#1512=(
LENGTH_UNIT()
NAMED_UNIT(*)
SI_UNIT($,.METRE.)
);
#1513=(
NAMED_UNIT(*)
PLANE_ANGLE_UNIT()
SI_UNIT($,.RADIAN.)
);
#1514=(
NAMED_UNIT(*)
SI_UNIT($,.STERADIAN.)
SOLID_ANGLE_UNIT()
);
#1515=SHAPE_DEFINITION_REPRESENTATION(#1516,#1517);
#1516=PRODUCT_DEFINITION_SHAPE('',$,#1519);
#1517=SHAPE_REPRESENTATION('',(#494,#481),#1509);
#1518=PRODUCT_DEFINITION_CONTEXT('part definition',#1523,'design');
#1519=PRODUCT_DEFINITION('2026-06-29-13-40-01-233','Fan Blade',#1520,#1518);
#1520=PRODUCT_DEFINITION_FORMATION('',$,#1525);
#1521=PRODUCT_RELATED_PRODUCT_CATEGORY('Fan Blade','Fan Blade',(#1525));
#1522=APPLICATION_PROTOCOL_DEFINITION('international standard',
'automotive_design',2009,#1523);
#1523=APPLICATION_CONTEXT(
'Core Data for Automotive Mechanical Design Process');
#1524=PRODUCT_CONTEXT('part definition',#1523,'mechanical');
#1525=PRODUCT('2026-06-29-13-40-01-233','Fan Blade',$,(#1524));
#1526=PRESENTATION_STYLE_ASSIGNMENT((#1527));
#1527=SURFACE_STYLE_USAGE(.BOTH.,#1528);
#1528=SURFACE_SIDE_STYLE('',(#1529));
#1529=SURFACE_STYLE_FILL_AREA(#1530);
#1530=FILL_AREA_STYLE('Steel - Satin',(#1531));
#1531=FILL_AREA_STYLE_COLOUR('Steel - Satin',#1532);
#1532=COLOUR_RGB('Steel - Satin',0.627450980392157,0.627450980392157,0.627450980392157);
ENDSEC;
END-ISO-10303-21;
